1,Alabama,47-2021,Brickmasons and Blockmasons,490,10.2,0.56,19.09,39710,2.4,13.74,16.15,18.82,22.22,24.92
1,Alabama,47-2031,Carpenters,5150,6.9,5.86,19.48,40520,2,13.1,15.87,19.02,23.03,27.15
1,Alabama,47-2041,Carpet Installers,100,21.2,0.12,20,41610,7,10.93,15.17,20.12,23.99,29.18
1,Alabama,47-2042,"Floor Layers, Except Carpet, Wood, and Hard Tiles",250,24.2,0.29,17.22,35820,4.3,9.97,12.5,15.88,20.7,25.1
1,Alabama,47-2081,Drywall and Ceiling Tile Installers,750,28.1,0.86,16.25,33810,3.6,12.74,13.9,15.92,18.12,19.53
,,,,,,,,,,,,,,
1,Alabama,47-2111,Electricians,5990,7.4,6.82,21.39,44490,1.9,14.85,17.13,20.81,25.08,29.48
,,,,,,,,,,,,,,
1,Alabama,47-2131,"Insulation Workers, Floor, Ceiling, and Wall",460,26.8,0.52,17.78,36990,4.3,9.8,12.26,17.23,22.96,27.71
,,,,,,,,,,,,,,
1,Alabama,47-2141,"Painters, Construction and Maintenance",1960,8.6,2.23,17.33,36050,2,12.95,14.88,16.95,18.97,22.5
,,,,,,,,,,,,,,
1,Alabama,47-2161,Plasterers and Stucco Masons,230,35.2,0.27,17.82,37070,7.3,12.26,13.47,16.32,19.67,25.15
,,,,,,,,,,,,,,
1,Alabama,47-2171,Reinforcing Iron and Rebar Workers,110,35,0.13,19,39520,5.4,13.27,15.04,18.59,22.68,26.5
,,,,,,,,,,,,,,
1,Alabama,47-2181,Roofers,920,7.5,1.05,16.83,35000,2.1,12.1,13.8,16.46,19.05,23.06
,,,,,,,,,,,,,,
1,Alabama,47-3012,Helpers--Carpenters,350,14.1,0.39,12.58,26170,2.3,8.85,10.09,11.79,14.57,17.95
,,,,,,,,,,,,,,
1,Alabama,47-3013,Helpers--Electricians,1950,8.3,2.22,13.67,28430,1.8,9.79,11.26,13.58,15.91,18.22
,,,,,,,,,,,,,,
1,Alabama,47-3016,Helpers--Roofers,180,26.9,0.2,13.1,27240,4.7,9.89,10.75,12.09,14.73,18.63
,,,,,,,,,,,,,,
1,Alabama,47-3019,"Helpers, Construction Trades, All Other",400,20.7,0.46,13.44,27950,2.6,8.97,10.65,12.92,14.88,18.99
,,,,,,,,,,,,,,
1,Alabama,47-4031,Fence Erectors,400,18.4,0.45,11.93,24820,4.1,8.85,10.17,11.43,13.19,14.77
,,,,,,,,,,,,,,
2,Alaska,47-2031,Carpenters,1580,9.1,10.57,32.06,66690,2.5,21.71,25.7,31.52,37.46,45.21
,,,,,,,,,,,,,,
2,Alaska,47-2041,Carpet Installers,30,37.1,0.22,20.72,43090,13,15.76,16.96,18.89,24.6,28.43
,,,,,,,,,,,,,,
2,Alaska,47-2081,Drywall and Ceiling Tile Installers,80,41.1,0.53,24.65,51270,5.3,19.03,20.76,23.6,27.55,30.05
,,,,,,,,,,,,,,
2,Alaska,47-2111,Electricians,930,18.7,6.23,36.78,76490,4.2,21.24,32.13,37.23,43.97,49.56
,,,,,,,,,,,,,,
2,Alaska,47-2131,"Insulation Workers, Floor, Ceiling, and Wall",110,38.4,0.74,27.31,56800,4.9,17.87,21.94,27.08,32.01,38.16
,,,,,,,,,,,,,,
2,Alaska,47-2141,"Painters, Construction and Maintenance",270,16.7,1.82,26.17,54430,5.8,16.84,19.47,26.08,31.44,37.13
,,,,,,,,,,,,,,
2,Alaska,47-2181,Roofers,240,32.8,1.63,24.57,51100,9.5,16.46,18.58,23.1,30.03,36.47
,,,,,,,,,,,,,,
2,Alaska,47-3012,Helpers--Carpenters,270,38.5,1.82,18.33,38120,7.5,12.38,13.79,19,22.52,24.51
,,,,,,,,,,,,,,
2,Alaska,47-3013,Helpers--Electricians,60,40.6,0.42,18.84,39200,10.7,12.3,14.51,18.1,23.41,27.51
,,,,,,,,,,,,,,
2,Alaska,47-3019,"Helpers, Construction Trades, All Other",**,**,**,20.62,42880,4,16.4,17.96,20.91,23.4,25.05
,,,,,,,,,,,,,,
4,Arizona,47-2021,Brickmasons and Blockmasons,410,29.1,0.27,22.29,46360,2.9,16.26,19.04,21.98,26.37,29.66
,,,,,,,,,,,,,,
4,Arizona,47-2031,Carpenters,9310,6.8,6.07,21.5,44720,1.9,13.85,16.54,20.63,26.02,29.94
,,,,,,,,,,,,,,
4,Arizona,47-2041,Carpet Installers,**,**,**,18.44,38350,9.1,13.31,15.33,17.31,19.26,27.39
,,,,,,,,,,,,,,
4,Arizona,47-2042,"Floor Layers, Except Carpet, Wood, and Hard Tiles",190,49.6,0.12,24.5,50970,8.2,19.21,20.63,22.41,24.19,30.23
,,,,,,,,,,,,,,
4,Arizona,47-2081,Drywall and Ceiling Tile Installers,3790,11.2,2.47,20.02,41650,2.7,13.17,16.42,19.33,23.03,26.92
,,,,,,,,,,,,,,
4,Arizona,47-2111,Electricians,9500,6.2,6.2,21.86,45480,1.8,14.76,17.46,21.63,26.17,29.73
,,,,,,,,,,,,,,
4,Arizona,47-2131,"Insulation Workers, Floor, Ceiling, and Wall",310,43.5,0.21,19.78,41150,15,12.68,14.02,17.58,26.63,29.08
,,,,,,,,,,,,,,
4,Arizona,47-2141,"Painters, Construction and Maintenance",4650,9.9,3.03,18.03,37500,2.4,11.99,14.4,17.01,19.84,26.09
,,,,,,,,,,,,,,
4,Arizona,47-2161,Plasterers and Stucco Masons,1870,23.8,1.22,20.91,43500,4.1,14.42,16.8,19.93,23.51,27.7
,,,,,,,,,,,,,,
4,Arizona,47-2171,Reinforcing Iron and Rebar Workers,**,**,**,29.13,60590,4.3,25.87,27.04,28.99,31.14,33.06
,,,,,,,,,,,,,,
4,Arizona,47-2181,Roofers,2710,17.4,1.77,18.77,39050,7.2,10.51,12.79,17.49,22.18,26.44
,,,,,,,,,,,,,,
4,Arizona,47-3012,Helpers--Carpenters,820,23.9,0.53,16.44,34190,3.1,12.51,13.87,16.17,18.47,21.48
,,,,,,,,,,,,,,
4,Arizona,47-3013,Helpers--Electricians,1450,24.6,0.95,14.79,30760,2.6,11.71,12.83,14.74,16.98,18.4
,,,,,,,,,,,,,,
4,Arizona,47-3016,Helpers--Roofers,**,**,**,14.75,30680,6,10.94,11.76,13.71,16.45,18.77
,,,,,,,,,,,,,,
4,Arizona,47-3019,"Helpers, Construction Trades, All Other",510,22.6,0.33,15.51,32260,5.1,10.51,11.24,15.26,18.99,22.06
,,,,,,,,,,,,,,
4,Arizona,47-4031,Fence Erectors,510,45.4,0.33,17.19,35750,4.1,11.34,14.8,17.38,20.34,22.76
,,,,,,,,,,,,,,
5,Arkansas,47-2021,Brickmasons and Blockmasons,440,16.6,0.85,21.64,45010,3.4,14.73,18.11,21.51,24.46,29.19
,,,,,,,,,,,,,,
5,Arkansas,47-2031,Carpenters,3550,7.4,6.95,17.42,36240,2.6,9.78,13.22,16.82,20.45,24.64
,,,,,,,,,,,,,,
5,Arkansas,47-2041,Carpet Installers,60,36.5,0.12,18.64,38780,12.5,10.89,12.27,17.41,25.88,28.77
,,,,,,,,,,,,,,
5,Arkansas,47-2081,Drywall and Ceiling Tile Installers,330,25.2,0.64,19.13,39780,6.5,13.1,14.45,17.39,21.72,25.22
,,,,,,,,,,,,,,
5,Arkansas,47-2111,Electricians,4340,8,8.5,20.03,41660,2,12.09,15.28,19.7,24.48,28.84
,,,,,,,,,,,,,,
5,Arkansas,47-2131,"Insulation Workers, Floor, Ceiling, and Wall",300,19.8,0.58,18.57,38630,7.1,10.32,13.04,18.03,22.14,30.06
,,,,,,,,,,,,,,
5,Arkansas,47-2141,"Painters, Construction and Maintenance",980,7.6,1.92,16.8,34950,3.3,11.92,13.69,16.57,19.33,22.88
,,,,,,,,,,,,,,
5,Arkansas,47-2161,Plasterers and Stucco Masons,70,49.6,0.14,16.53,34390,3.2,13.34,14.54,16.35,18.44,19.89
,,,,,,,,,,,,,,
5,Arkansas,47-2171,Reinforcing Iron and Rebar Workers,130,42.2,0.25,21.31,44330,4.8,15.94,17.36,19.87,24.04,29.7
,,,,,,,,,,,,,,
5,Arkansas,47-2181,Roofers,710,10.7,1.39,15.52,32270,3.9,9.36,11.87,14.76,18.41,22.99
,,,,,,,,,,,,,,
5,Arkansas,47-3012,Helpers--Carpenters,260,22.9,0.51,15.15,31510,5.3,10.19,12.09,14.11,17.08,23.47
,,,,,,,,,,,,,,
5,Arkansas,47-3013,Helpers--Electricians,**,**,**,11.11,23100,6.9,8.88,9.11,9.51,12.79,15.06
,,,,,,,,,,,,,,
5,Arkansas,47-3016,Helpers--Roofers,50,40.7,0.1,13.8,28710,3.2,12.54,13.09,13.97,14.85,15.38
,,,,,,,,,,,,,,
5,Arkansas,47-3019,"Helpers, Construction Trades, All Other",210,23.5,0.4,13.2,27450,3.6,9.17,10.69,13.27,15,17.7
,,,,,,,,,,,,,,
5,Arkansas,47-4031,Fence Erectors,290,27.6,0.56,13.09,27220,3.3,10.14,11.24,12.95,14.68,16.86
,,,,,,,,,,,,,,
6,California,47-2021,Brickmasons and Blockmasons,3150,12.4,0.37,28.67,59620,3.8,16.42,20.52,27.3,35.36,42.21
,,,,,,,,,,,,,,
6,California,47-2031,Carpenters,91790,2.6,10.89,28.7,59690,1,16.06,20.47,27.21,35.44,45.63
,,,,,,,,,,,,,,
6,California,47-2041,Carpet Installers,4170,14,0.49,22.19,46150,5.4,10.57,13.89,19.47,29.23,37.3
,,,,,,,,,,,,,,
6,California,47-2042,"Floor Layers, Except Carpet, Wood, and Hard Tiles",2220,24.4,0.26,25.45,52930,11.5,11.83,14.89,25.02,30.06,41.3
,,,,,,,,,,,,,,
6,California,47-2081,Drywall and Ceiling Tile Installers,28950,4.8,3.44,29.78,61940,2.3,15.94,19.79,26.84,38.99,48.09
,,,,,,,,,,,,,,
6,California,47-2111,Electricians,54190,3.3,6.43,32.8,68230,2.1,16.7,22.48,30.05,41.07,53.96
,,,,,,,,,,,,,,
6,California,47-2131,"Insulation Workers, Floor, Ceiling, and Wall",1760,19,0.21,26.4,54920,5.1,14.23,17.28,22.41,34.39,45.67
,,,,,,,,,,,,,,
6,California,47-2141,"Painters, Construction and Maintenance",32330,3.7,3.84,23.09,48020,2,13.53,16.8,22.19,28.24,33.97
,,,,,,,,,,,,,,
6,California,47-2161,Plasterers and Stucco Masons,8030,10.4,0.95,25.11,52220,2.1,15.14,18.78,23.66,29.94,37.88
,,,,,,,,,,,,,,
6,California,47-2171,Reinforcing Iron and Rebar Workers,2240,13.2,0.27,21.85,45450,3.4,15.71,17.35,20.59,25.28,30.63
,,,,,,,,,,,,,,
6,California,47-2181,Roofers,18260,4.5,2.17,24.33,50600,1.8,15.8,19.32,23.78,28.85,34.7
,,,,,,,,,,,,,,
6,California,47-3012,Helpers--Carpenters,2490,11.4,0.3,17.44,36280,2.1,12.33,14.34,16.79,19.28,24.66
,,,,,,,,,,,,,,
6,California,47-3013,Helpers--Electricians,3770,15,0.45,18.01,37460,3.5,12.09,14.49,17.32,20.9,25.24
,,,,,,,,,,,,,,
6,California,47-3016,Helpers--Roofers,930,29.9,0.11,19.24,40030,6.9,13.68,15.69,17.8,22.15,28.93
,,,,,,,,,,,,,,
6,California,47-3019,"Helpers, Construction Trades, All Other",1990,13.6,0.24,16.02,33330,3.2,11.32,12.56,14.86,18.01,21.85
,,,,,,,,,,,,,,
6,California,47-4031,Fence Erectors,2840,14.8,0.34,20.56,42760,4.4,12.81,15.6,18.34,25.22,31.49
,,,,,,,,,,,,,,
8,Colorado,47-2021,Brickmasons and Blockmasons,1350,23,0.79,25.97,54020,3.5,19.37,23.24,26.73,29.35,31.14
,,,,,,,,,,,,,,
8,Colorado,47-2031,Carpenters,11980,5.7,7.05,23.33,48530,1.7,14.04,17.99,23.57,28.32,31.47
,,,,,,,,,,,,,,
8,Colorado,47-2041,Carpet Installers,300,45,0.18,21.13,43950,7.3,13.46,18.14,22.02,24.51,27.93
,,,,,,,,,,,,,,
8,Colorado,47-2042,"Floor Layers, Except Carpet, Wood, and Hard Tiles",170,39.7,0.1,18.58,38650,6.7,12.38,13.72,16.52,21.35,28.33
,,,,,,,,,,,,,,
8,Colorado,47-2081,Drywall and Ceiling Tile Installers,2860,14.4,1.68,22.46,46710,2,15.56,18.97,22.4,25.83,29.75
,,,,,,,,,,,,,,
8,Colorado,47-2111,Electricians,12540,5.1,7.38,25.82,53700,1.7,15.85,19.5,25.62,31.34,37.24
,,,,,,,,,,,,,,
8,Colorado,47-2131,"Insulation Workers, Floor, Ceiling, and Wall",940,25,0.56,17.36,36110,2.9,12.42,14.76,17.13,19.25,23.11
,,,,,,,,,,,,,,
8,Colorado,47-2141,"Painters, Construction and Maintenance",4040,10.6,2.38,19.93,41450,2.3,15.29,16.8,19.21,22.8,26.24
,,,,,,,,,,,,,,
8,Colorado,47-2161,Plasterers and Stucco Masons,**,**,**,17.34,36070,4.8,11.67,15.92,17.57,19.21,21
,,,,,,,,,,,,,,
8,Colorado,47-2171,Reinforcing Iron and Rebar Workers,560,30.3,0.33,22.5,46800,4.2,16.54,19,22.08,26.14,29.45
,,,,,,,,,,,,,,
8,Colorado,47-2181,Roofers,3470,10.5,2.04,20.24,42100,2.4,13.85,16.13,19.56,24.11,28.35
,,,,,,,,,,,,,,
8,Colorado,47-3012,Helpers--Carpenters,390,27.2,0.23,16.74,34820,2.7,13.44,15.31,16.86,18.45,19.6
,,,,,,,,,,,,,,
8,Colorado,47-3013,Helpers--Electricians,610,10.3,0.36,17.77,36950,5.3,11.75,14.12,17.68,21.48,24.02
,,,,,,,,,,,,,,
8,Colorado,47-3016,Helpers--Roofers,110,14.7,0.06,14.3,29750,5.8,10.92,11.93,14.28,16.67,18.17
,,,,,,,,,,,,,,
8,Colorado,47-3019,"Helpers, Construction Trades, All Other",210,33.8,0.13,17.87,37170,10.4,12.6,13.72,15.86,22.01,25.81
,,,,,,,,,,,,,,
8,Colorado,47-4031,Fence Erectors,460,30.5,0.27,17.01,35390,3.7,12.81,14.02,16.25,18.89,22.59
,,,,,,,,,,,,,,
9,Connecticut,47-2021,Brickmasons and Blockmasons,640,11.6,1.07,28.36,58990,8,17.02,20.98,25.22,31.9,47.95
,,,,,,,,,,,,,,
9,Connecticut,47-2031,Carpenters,3770,7.4,6.32,27.97,58170,2.2,18.39,21.83,26.92,32.43,38.14
,,,,,,,,,,,,,,
9,Connecticut,47-2041,Carpet Installers,**,**,**,18.78,39070,9.1,13.23,14.97,18.77,22.3,24.15
,,,,,,,,,,,,,,
9,Connecticut,47-2042,"Floor Layers, Except Carpet, Wood, and Hard Tiles",70,43,0.13,19.74,41050,4.9,13.04,15.42,19.64,23.34,28
,,,,,,,,,,,,,,
9,Connecticut,47-2081,Drywall and Ceiling Tile Installers,570,21.1,0.96,26.36,54830,5.7,13.55,18.02,25.74,34.39,38.64
,,,,,,,,,,,,,,
9,Connecticut,47-2111,Electricians,5640,6.3,9.44,27.71,57630,2.7,14.87,20.38,27.68,33.21,40.58
,,,,,,,,,,,,,,
9,Connecticut,47-2131,"Insulation Workers, Floor, Ceiling, and Wall",260,25.7,0.44,21.87,45480,4.6,12.72,15.28,18.29,25.03,29.57
,,,,,,,,,,,,,,
9,Connecticut,47-2141,"Painters, Construction and Maintenance",1510,9.9,2.53,22.03,45820,5.8,14.53,17.45,21.19,25.33,31.83
,,,,,,,,,,,,,,
9,Connecticut,47-2171,Reinforcing Iron and Rebar Workers,**,**,**,31.44,65390,7.5,17.89,29.58,33.71,36.65,38.41
,,,,,,,,,,,,,,
9,Connecticut,47-2181,Roofers,710,16.1,1.19,26.97,56090,5.4,15.45,20.03,26.42,33.99,38.92
,,,,,,,,,,,,,,
9,Connecticut,47-3012,Helpers--Carpenters,**,**,**,16.29,33880,4.2,13.44,15.34,16.62,17.89,18.65
,,,,,,,,,,,,,,
9,Connecticut,47-3013,Helpers--Electricians,190,30.5,0.32,16.18,33660,6.7,10.93,11.94,14.5,20.88,23.78
,,,,,,,,,,,,,,
9,Connecticut,47-3019,"Helpers, Construction Trades, All Other",150,42,0.26,15.6,32440,3.8,10.39,12.2,15.39,18.61,22.01
,,,,,,,,,,,,,,
9,Connecticut,47-4031,Fence Erectors,120,40.2,0.21,22,45760,11.1,14.54,17.7,22.72,26.96,29.26
,,,,,,,,,,,,,,
10,Delaware,47-2021,Brickmasons and Blockmasons,170,10.5,0.79,26.23,54560,3.9,18.09,22,26.84,30.23,34.34
,,,,,,,,,,,,,,
10,Delaware,47-2031,Carpenters,1800,6.7,8.17,24,49910,3.2,15.89,17.78,22.6,30.05,35.57
,,,,,,,,,,,,,,
10,Delaware,47-2041,Carpet Installers,70,36.2,0.33,26.34,54790,8.7,16.54,19.72,27.22,31.8,36.15
,,,,,,,,,,,,,,
10,Delaware,47-2081,Drywall and Ceiling Tile Installers,210,21.6,0.94,20.48,42590,4.2,15.56,16.8,18.86,23.19,29.98
,,,,,,,,,,,,,,
10,Delaware,47-2111,Electricians,1680,12.2,7.61,27.42,57030,3.9,16.41,20.76,26.64,31.98,39.23
,,,,,,,,,,,,,,
10,Delaware,47-2141,"Painters, Construction and Maintenance",480,9.4,2.16,19.57,40700,3.6,13.84,16.31,19.54,22.77,25.43
,,,,,,,,,,,,,,
10,Delaware,47-2181,Roofers,180,17.9,0.79,20.35,42320,4,15.38,16.93,19.51,23.53,27.65
,,,,,,,,,,,,,,
10,Delaware,47-3012,Helpers--Carpenters,320,20.4,1.46,14.17,29480,6.2,10.33,11.75,13.46,16.25,19.76
,,,,,,,,,,,,,,
10,Delaware,47-3013,Helpers--Electricians,220,32.6,0.99,12.83,26690,4.5,9.19,10.54,12.43,14.75,17.49
,,,,,,,,,,,,,,
10,Delaware,47-3016,Helpers--Roofers,60,32.4,0.26,15.52,32290,3.2,12.58,13.49,14.99,17.5,20.28
,,,,,,,,,,,,,,
10,Delaware,47-3019,"Helpers, Construction Trades, All Other",50,28,0.23,18.05,37550,4.7,12.61,14.64,19.02,21.67,23.24
,,,,,,,,,,,,,,
10,Delaware,47-4031,Fence Erectors,**,**,**,27.11,56390,5.3,16.69,19.06,27.42,35.27,38.94
,,,,,,,,,,,,,,
11,District of Columbia,47-2021,Brickmasons and Blockmasons,**,**,**,30.18,62780,5.3,25.7,27.17,29.58,32.89,38.09
,,,,,,,,,,,,,,
11,District of Columbia,47-2031,Carpenters,1600,6.7,10.27,25.15,52320,1.6,18.2,21.11,24.84,28.85,32.07
,,,,,,,,,,,,,,
11,District of Columbia,47-2111,Electricians,880,26.5,5.64,37.76,78550,2.3,24.83,30.23,39.61,45.21,48.74
,,,,,,,,,,,,,,
11,District of Columbia,47-2141,"Painters, Construction and Maintenance",280,26,1.77,25.04,52090,8,16.39,18.9,23.96,30.22,36.03
,,,,,,,,,,,,,,
11,District of Columbia,47-2161,Plasterers and Stucco Masons,80,24.5,0.5,24.25,50430,13.2,16.04,17.42,24.96,30.48,35.39
,,,,,,,,,,,,,,
11,District of Columbia,47-3012,Helpers--Carpenters,150,7.3,0.94,19.35,40250,3.7,15.43,16.58,18.44,21.93,24.44
,,,,,,,,,,,,,,
11,District of Columbia,47-3013,Helpers--Electricians,120,16.7,0.78,18.93,39370,6,12.72,14.28,18.73,22.61,25.47
,,,,,,,,,,,,,,
11,District of Columbia,47-3019,"Helpers, Construction Trades, All Other",100,36.5,0.66,17.46,36310,4.2,12.7,14.25,17.23,19.66,23.5
,,,,,,,,,,,,,,
12,Florida,47-2021,Brickmasons and Blockmasons,4340,6.2,0.82,18.45,38370,2.2,11.64,14,19.02,22.38,24.62
,,,,,,,,,,,,,,
12,Florida,47-2031,Carpenters,37820,3.3,7.15,19.59,40750,1.1,12.3,15.41,18.65,23.01,28.23
,,,,,,,,,,,,,,
12,Florida,47-2041,Carpet Installers,530,27.4,0.1,16.55,34420,8.4,10.49,12.09,14.62,21.28,25.17
,,,,,,,,,,,,,,
12,Florida,47-2042,"Floor Layers, Except Carpet, Wood, and Hard Tiles",930,24.5,0.18,16.54,34400,4,11.54,13.36,16.32,19.53,22.75
,,,,,,,,,,,,,,
12,Florida,47-2081,Drywall and Ceiling Tile Installers,4860,9.8,0.92,16.93,35210,2.4,10.47,13.27,16.82,19.59,24.03
,,,,,,,,,,,,,,
12,Florida,47-2111,Electricians,29620,4,5.6,21.21,44120,1.5,13.77,16.6,20.01,24.67,30.35
,,,,,,,,,,,,,,
12,Florida,47-2131,"Insulation Workers, Floor, Ceiling, and Wall",1830,20.8,0.34,17.63,36680,2.6,10.99,13.87,17.01,20.2,24.99
,,,,,,,,,,,,,,
12,Florida,47-2141,"Painters, Construction and Maintenance",15000,4.5,2.84,16.68,34700,2.4,10.78,13.52,16.33,18.78,23.88
,,,,,,,,,,,,,,
12,Florida,47-2161,Plasterers and Stucco Masons,1880,16.4,0.36,17.98,37410,3.2,12.03,14.73,17.84,21.08,23.81
,,,,,,,,,,,,,,
12,Florida,47-2171,Reinforcing Iron and Rebar Workers,1020,22,0.19,20.53,42700,3.9,15.66,16.92,18.97,22.54,26.19
,,,,,,,,,,,,,,
12,Florida,47-2181,Roofers,20770,4.9,3.93,16.74,34820,1.9,10.5,12.77,16.21,20.29,23.81
,,,,,,,,,,,,,,
12,Florida,47-3012,Helpers--Carpenters,2980,14.4,0.56,13.76,28620,2.4,10.07,11.18,13.37,15.97,18.38
,,,,,,,,,,,,,,
12,Florida,47-3013,Helpers--Electricians,7920,8.6,1.5,15,31200,1.7,10.36,12.3,14.63,17.63,19.69
,,,,,,,,,,,,,,
12,Florida,47-3016,Helpers--Roofers,1590,16.1,0.3,14.68,30540,2.3,10.24,12.24,14.8,17.3,18.85
,,,,,,,,,,,,,,
12,Florida,47-3019,"Helpers, Construction Trades, All Other",1820,11.7,0.34,14.24,29620,2.2,9.35,11.43,14.18,16.99,18.97
,,,,,,,,,,,,,,
12,Florida,47-4031,Fence Erectors,1340,18,0.25,17.95,37340,4.5,11.06,13.76,17.41,21.18,24.8
,,,,,,,,,,,,,,
13,Georgia,47-2021,Brickmasons and Blockmasons,780,30.9,0.42,18.65,38800,4.1,12.81,14.97,18.76,22.43,24.57
,,,,,,,,,,,,,,
13,Georgia,47-2031,Carpenters,14990,5.5,7.99,22.44,46680,4.6,11.86,15.03,18.74,25.29,36.37
,,,,,,,,,,,,,,
13,Georgia,47-2041,Carpet Installers,550,30.2,0.29,18.36,38180,6.6,12.45,14.2,17.34,21.54,26.21
,,,,,,,,,,,,,,
13,Georgia,47-2042,"Floor Layers, Except Carpet, Wood, and Hard Tiles",250,46.8,0.13,23.66,49200,6.3,15,18.4,23.33,27.96,31.8
,,,,,,,,,,,,,,
13,Georgia,47-2081,Drywall and Ceiling Tile Installers,1610,15.2,0.86,18.03,37490,7.2,10.34,12.11,17.32,22.19,28.23
,,,,,,,,,,,,,,
13,Georgia,47-2111,Electricians,13420,5.8,7.16,24.01,49950,1.8,15.1,18.23,23.02,29.37,35.41
,,,,,,,,,,,,,,
13,Georgia,47-2131,"Insulation Workers, Floor, Ceiling, and Wall",420,17.7,0.22,20.13,41870,4,12.36,16.12,20.25,23.48,27.88
,,,,,,,,,,,,,,
13,Georgia,47-2141,"Painters, Construction and Maintenance",2240,9.9,1.19,17.21,35810,6.6,9.09,13.16,17.1,20.37,24.36
,,,,,,,,,,,,,,
13,Georgia,47-2161,Plasterers and Stucco Masons,**,**,**,16.26,33830,6.6,12.4,15.13,16.6,18.05,18.94
,,,,,,,,,,,,,,
13,Georgia,47-2171,Reinforcing Iron and Rebar Workers,100,49,0.05,21.03,43740,5.2,16.09,19.17,21.19,23.25,25.72
,,,,,,,,,,,,,,
13,Georgia,47-2181,Roofers,2600,12,1.39,17.69,36800,2.6,11.12,13.96,17.21,20.7,24.76
,,,,,,,,,,,,,,
13,Georgia,47-3012,Helpers--Carpenters,410,25.4,0.22,13.36,27790,4.1,9.41,10.62,13.14,16.25,18.14
,,,,,,,,,,,,,,
13,Georgia,47-3013,Helpers--Electricians,4760,8.3,2.54,14.19,29510,2.4,10.1,11.56,13.62,16.43,19.19
,,,,,,,,,,,,,,
13,Georgia,47-3016,Helpers--Roofers,70,6.7,~,15.95,33180,4,12.31,13.29,15.38,18.33,21.58
,,,,,,,,,,,,,,
13,Georgia,47-3019,"Helpers, Construction Trades, All Other",520,10.3,0.28,17.69,36800,6.8,11.38,13.13,15.69,20.43,27.08
,,,,,,,,,,,,,,
13,Georgia,47-4031,Fence Erectors,320,36.5,0.17,14.25,29630,6.7,9.84,11.11,13.79,16.93,18.93
,,,,,,,,,,,,,,
15,Hawaii,47-2021,Brickmasons and Blockmasons,120,24.2,0.33,31.43,65370,5.6,16.26,20.61,32.18,42.84,47.55
,,,,,,,,,,,,,,
15,Hawaii,47-2031,Carpenters,4670,7.5,13.15,35.95,74770,1.9,20.21,25.71,38.04,45.94,50.22
,,,,,,,,,,,,,,
15,Hawaii,47-2041,Carpet Installers,110,12.9,0.32,29.6,61560,7,16.21,21.36,32.46,36.23,38.48
,,,,,,,,,,,,,,
15,Hawaii,47-2042,"Floor Layers, Except Carpet, Wood, and Hard Tiles",200,35.5,0.55,25.9,53860,8.3,14.08,17.87,24,33.69,40.42
,,,,,,,,,,,,,,
15,Hawaii,47-2081,Drywall and Ceiling Tile Installers,670,20.2,1.88,38.28,79620,3.1,21.63,27.93,42.43,47.02,49.9
,,,,,,,,,,,,,,
15,Hawaii,47-2111,Electricians,2620,12.2,7.38,37.55,78100,3,22.27,27.76,39.12,46.79,52.64
,,,,,,,,,,,,,,
15,Hawaii,47-2141,"Painters, Construction and Maintenance",1230,13.4,3.46,26.3,54710,5.7,14.84,19.76,26.26,30.95,37.8
,,,,,,,,,,,,,,
15,Hawaii,47-2161,Plasterers and Stucco Masons,170,41.4,0.47,29.13,60600,6.9,15.42,18.55,28.53,39.38,46.11
,,,,,,,,,,,,,,
15,Hawaii,47-2171,Reinforcing Iron and Rebar Workers,290,13.1,0.83,34.49,71730,2.8,20.06,24.91,36.54,43.45,47.46
,,,,,,,,,,,,,,
15,Hawaii,47-2181,Roofers,720,17.7,2.02,28.97,60260,7.2,16.67,19.75,27.63,37.03,45.13
,,,,,,,,,,,,,,
15,Hawaii,47-3012,Helpers--Carpenters,70,35.3,0.18,15.87,33010,10.5,10.11,11.71,14.57,17.92,22.78
,,,,,,,,,,,,,,
15,Hawaii,47-3013,Helpers--Electricians,380,37,1.06,21.73,45200,5.2,15.29,17.37,21.18,24.39,30.54
,,,,,,,,,,,,,,
15,Hawaii,47-3019,"Helpers, Construction Trades, All Other",60,47.9,0.16,23.14,48120,13.6,13.88,15.72,22.05,26.97,31.71
,,,,,,,,,,,,,,
15,Hawaii,47-4031,Fence Erectors,90,40.6,0.25,20.52,42680,6.2,16.33,18,20.27,22.92,25.59
,,,,,,,,,,,,,,
16,Idaho,47-2021,Brickmasons and Blockmasons,260,20.1,0.56,22.36,46510,4.4,13.18,16.91,23.88,27.96,30.25
,,,,,,,,,,,,,,
16,Idaho,47-2031,Carpenters,6860,7.5,14.98,18.68,38860,2,11.2,13.83,17.7,23.07,28.26
,,,,,,,,,,,,,,
16,Idaho,47-2041,Carpet Installers,220,49.3,0.48,17.21,35790,4.6,12.26,14.14,17.46,20.75,22.87
,,,,,,,,,,,,,,
16,Idaho,47-2042,"Floor Layers, Except Carpet, Wood, and Hard Tiles",140,41.9,0.31,17.09,35550,9.2,12.9,14.12,16.15,19.11,23.83
,,,,,,,,,,,,,,
16,Idaho,47-2081,Drywall and Ceiling Tile Installers,1140,16.8,2.49,17.32,36010,3.8,10.45,12.99,17.32,21.29,23.98
,,,,,,,,,,,,,,
16,Idaho,47-2111,Electricians,3550,5.7,7.75,23.97,49860,2.6,14.03,17.28,24.18,28.83,32.94
,,,,,,,,,,,,,,
16,Idaho,47-2131,"Insulation Workers, Floor, Ceiling, and Wall",380,23.7,0.84,14.04,29200,5,10.06,10.98,12.86,15.1,19.15
,,,,,,,,,,,,,,
16,Idaho,47-2141,"Painters, Construction and Maintenance",1600,12.6,3.49,16.99,35340,3.5,10.92,13.11,16.28,20.02,23.91
,,,,,,,,,,,,,,
16,Idaho,47-2161,Plasterers and Stucco Masons,**,**,**,17.58,36560,3.8,14.06,16.02,17.71,19.34,22.01
,,,,,,,,,,,,,,
16,Idaho,47-2181,Roofers,840,13.3,1.82,19.06,39640,7,11.78,14.99,17.96,23.47,29.3
,,,,,,,,,,,,,,
16,Idaho,47-3012,Helpers--Carpenters,130,37.1,0.29,13.79,28690,5.2,9.99,11.22,13.35,16.57,18.58
,,,,,,,,,,,,,,
16,Idaho,47-3013,Helpers--Electricians,130,48.7,0.28,19.12,39770,14.7,12.59,13.6,18.42,24.92,28.51
,,,,,,,,,,,,,,
16,Idaho,47-3016,Helpers--Roofers,**,**,**,13.61,28310,12.1,8.28,10.99,13.89,16.39,18.49
,,,,,,,,,,,,,,
16,Idaho,47-4031,Fence Erectors,**,**,**,15.55,32340,3.7,12.25,13.33,15.23,17.78,19.35
,,,,,,,,,,,,,,
17,Illinois,47-2021,Brickmasons and Blockmasons,2630,13.4,1.14,35.99,74860,5.6,17.58,26.75,40.53,45.69,48.77
,,,,,,,,,,,,,,
17,Illinois,47-2031,Carpenters,23440,5,10.18,31.64,65820,2.2,12.65,19.17,32.77,44.08,48.63
,,,,,,,,,,,,,,
17,Illinois,47-2041,Carpet Installers,550,41.1,0.24,21.3,44300,24.5,8.98,9.42,17.76,32.59,39.68
,,,,,,,,,,,,,,
17,Illinois,47-2042,"Floor Layers, Except Carpet, Wood, and Hard Tiles",**,**,**,22.86,47540,12.1,9.24,13.64,20.86,32.46,39.05
,,,,,,,,,,,,,,
17,Illinois,47-2081,Drywall and Ceiling Tile Installers,1880,14.9,0.82,27.01,56180,11.4,15,16.92,20.1,35.41,53.09
,,,,,,,,,,,,,,
17,Illinois,47-2111,Electricians,17480,4.3,7.59,36.76,76460,2.2,18.93,26.86,39.59,46.77,51.32
,,,,,,,,,,,,,,
17,Illinois,47-2131,"Insulation Workers, Floor, Ceiling, and Wall",960,23.9,0.42,32.86,68350,6.9,16.09,20.8,31.13,45.78,50.41
,,,,,,,,,,,,,,
17,Illinois,47-2141,"Painters, Construction and Maintenance",6540,9.7,2.84,24.84,51670,7.3,10.18,14.14,23.85,33.91,42.55
,,,,,,,,,,,,,,
17,Illinois,47-2161,Plasterers and Stucco Masons,220,21.6,0.09,37.25,77480,4.2,27.55,32.93,38.12,43.25,47.07
,,,,,,,,,,,,,,
17,Illinois,47-2171,Reinforcing Iron and Rebar Workers,400,47.4,0.17,43.96,91440,4.4,34.99,41.74,45.3,48.86,51.01
,,,,,,,,,,,,,,
17,Illinois,47-2181,Roofers,4440,6.4,1.93,29.75,61890,6,14.17,18.15,29.32,41.9,47.36
,,,,,,,,,,,,,,
17,Illinois,47-3012,Helpers--Carpenters,340,19.2,0.15,15.84,32950,9.4,9.12,9.56,11.45,22,28.18
,,,,,,,,,,,,,,
17,Illinois,47-3013,Helpers--Electricians,560,21.8,0.24,15.16,31540,4.9,9.47,11.1,13.57,17.62,23.25
,,,,,,,,,,,,,,
17,Illinois,47-3016,Helpers--Roofers,200,25.3,0.08,22.11,45990,5.6,15.31,17.7,21.87,26.77,29.7
,,,,,,,,,,,,,,
17,Illinois,47-3019,"Helpers, Construction Trades, All Other",310,29.1,0.13,23.55,48980,16.8,10,11.72,17.04,41.65,47.65
,,,,,,,,,,,,,,
17,Illinois,47-4031,Fence Erectors,820,31.1,0.36,25.07,52150,12.3,14.82,17.49,21.96,28.94,44.58
,,,,,,,,,,,,,,
18,Indiana,47-2021,Brickmasons and Blockmasons,1790,8.6,1.26,25.32,52670,2.7,14.81,19.06,25,31.44,36.71
,,,,,,,,,,,,,,
18,Indiana,47-2031,Carpenters,11420,4.8,8.04,23.03,47900,1.6,14.06,17.53,22.38,27.91,32.96
,,,,,,,,,,,,,,
18,Indiana,47-2041,Carpet Installers,210,27.4,0.15,15.75,32750,8.3,8.54,11.67,15.97,19.72,23.28
,,,,,,,,,,,,,,
18,Indiana,47-2042,"Floor Layers, Except Carpet, Wood, and Hard Tiles",210,42.8,0.15,19.37,40280,8.4,13.71,15.99,19.62,22.57,24.35
,,,,,,,,,,,,,,
18,Indiana,47-2081,Drywall and Ceiling Tile Installers,780,19.1,0.55,21.73,45210,3.7,13.56,17.29,22.19,26.3,29.71
,,,,,,,,,,,,,,
18,Indiana,47-2111,Electricians,11110,5.8,7.82,28.28,58810,2.6,16.16,20.18,26.63,35.82,43.08
,,,,,,,,,,,,,,
18,Indiana,47-2131,"Insulation Workers, Floor, Ceiling, and Wall",420,28.4,0.3,16.1,33480,4.2,11.27,13.3,16.27,18.7,21.38
,,,,,,,,,,,,,,
18,Indiana,47-2141,"Painters, Construction and Maintenance",3410,6,2.4,21.08,43850,4.1,12.97,15.54,19.19,26.68,30.69
,,,,,,,,,,,,,,
18,Indiana,47-2161,Plasterers and Stucco Masons,120,28.1,0.08,23.44,48760,4.7,16.32,18.43,24.61,27.99,30.09
,,,,,,,,,,,,,,
18,Indiana,47-2171,Reinforcing Iron and Rebar Workers,190,21,0.13,31.87,66290,9.5,17.63,23.14,31.49,40.66,48.16
,,,,,,,,,,,,,,
18,Indiana,47-2181,Roofers,2980,7,2.09,21.18,44060,3.4,12.94,15.44,19.9,26.69,30.82
,,,,,,,,,,,,,,
18,Indiana,47-3012,Helpers--Carpenters,420,31.4,0.29,13.08,27210,4,8.84,10.67,12.97,14.72,17.91
,,,,,,,,,,,,,,
18,Indiana,47-3013,Helpers--Electricians,720,16.6,0.51,14.11,29350,3.8,9.2,11.69,13.9,16.47,19.06
,,,,,,,,,,,,,,
18,Indiana,47-3016,Helpers--Roofers,**,**,**,13.74,28580,7.7,8.96,12.86,13.96,15.06,15.8
,,,,,,,,,,,,,,
18,Indiana,47-3019,"Helpers, Construction Trades, All Other",190,23.9,0.14,15.81,32880,2.5,11.96,13.37,15.86,17.94,19.6
,,,,,,,,,,,,,,
18,Indiana,47-4031,Fence Erectors,150,34.1,0.11,15.16,31520,6.3,11.3,12.87,14.38,17.52,20.71
,,,,,,,,,,,,,,
19,Iowa,47-2021,Brickmasons and Blockmasons,760,12.8,0.96,25.51,53070,3.8,16,19.63,26.49,30.44,35.21
,,,,,,,,,,,,,,
19,Iowa,47-2031,Carpenters,5230,9.2,6.61,20.46,42560,1.4,13.55,16.03,19.73,24.55,29.04
,,,,,,,,,,,,,,
19,Iowa,47-2041,Carpet Installers,290,30.5,0.37,22.46,46710,7.3,14.06,17.86,22.88,27.76,29.96
,,,,,,,,,,,,,,
19,Iowa,47-2042,"Floor Layers, Except Carpet, Wood, and Hard Tiles",**,**,**,24.77,51510,6.3,16.48,22,26.2,28.56,29.97
,,,,,,,,,,,,,,
19,Iowa,47-2081,Drywall and Ceiling Tile Installers,890,47,1.13,16.89,35130,5.2,11.83,13.63,16.38,19.18,24.05
,,,,,,,,,,,,,,
19,Iowa,47-2111,Electricians,6730,4.8,8.51,25.18,52370,1.9,14.09,17.94,25.08,31.6,36.98
,,,,,,,,,,,,,,
19,Iowa,47-2131,"Insulation Workers, Floor, Ceiling, and Wall",330,19.9,0.41,19.4,40350,3.6,12.93,15.42,18.6,23.3,27.49
,,,,,,,,,,,,,,
19,Iowa,47-2141,"Painters, Construction and Maintenance",1410,11.4,1.78,20.28,42190,3.4,12.88,15.37,19.58,24,29.4
,,,,,,,,,,,,,,
19,Iowa,47-2161,Plasterers and Stucco Masons,**,**,**,24,49930,5.2,15.82,18.33,22.15,27.36,34.66
,,,,,,,,,,,,,,
19,Iowa,47-2171,Reinforcing Iron and Rebar Workers,180,45.5,0.23,20.96,43590,10.8,9.07,14.8,19.35,28.12,34.27
,,,,,,,,,,,,,,
19,Iowa,47-2181,Roofers,1170,11.8,1.47,18.66,38820,2.9,9.85,14.83,18.05,22.97,28.01
,,,,,,,,,,,,,,
19,Iowa,47-3012,Helpers--Carpenters,190,38.8,0.24,14.1,29330,4,11.38,12.86,14.02,15.18,17.84
,,,,,,,,,,,,,,
19,Iowa,47-3013,Helpers--Electricians,940,23.1,1.19,15.83,32940,1.9,12.51,13.54,15.22,17.72,20.25
,,,,,,,,,,,,,,
19,Iowa,47-3016,Helpers--Roofers,**,**,**,14.39,29920,7.4,11.94,12.81,14,15.19,18.41
,,,,,,,,,,,,,,
19,Iowa,47-3019,"Helpers, Construction Trades, All Other",**,**,**,10.86,22580,4.8,7.66,8.1,8.84,13.93,17.88
,,,,,,,,,,,,,,
19,Iowa,47-4031,Fence Erectors,320,28.3,0.4,18.86,39240,4.5,12.23,14.94,17.57,21.03,27.03
,,,,,,,,,,,,,,
20,Kansas,47-2021,Brickmasons and Blockmasons,570,17,0.94,27.3,56780,7.3,17.42,20.76,24.59,29.42,49.65
,,,,,,,,,,,,,,
20,Kansas,47-2031,Carpenters,4740,6.9,7.79,20.91,43490,2.2,12.35,15.7,19.4,24.6,31.3
,,,,,,,,,,,,,,
20,Kansas,47-2041,Carpet Installers,100,44.4,0.16,23.52,48930,7.4,13.17,17.21,25.95,29.04,30.9
,,,,,,,,,,,,,,
20,Kansas,47-2042,"Floor Layers, Except Carpet, Wood, and Hard Tiles",160,40.8,0.27,26.77,55680,8.6,14.63,19.59,27.62,34.58,37.65
,,,,,,,,,,,,,,
20,Kansas,47-2081,Drywall and Ceiling Tile Installers,690,18.7,1.14,20.47,42570,6,14.48,16.41,18.68,22.79,28.35
,,,,,,,,,,,,,,
20,Kansas,47-2111,Electricians,3320,8.8,5.46,26.28,54670,3.4,14.75,19.24,24.33,32.56,42.73
,,,,,,,,,,,,,,
20,Kansas,47-2131,"Insulation Workers, Floor, Ceiling, and Wall",330,47.4,0.54,16.97,35300,4.1,11.58,13.29,15.92,19.23,24.4
,,,,,,,,,,,,,,
20,Kansas,47-2141,"Painters, Construction and Maintenance",1810,9.8,2.98,17.08,35530,3.4,11.74,13.9,16.57,18.66,23.69
,,,,,,,,,,,,,,
20,Kansas,47-2161,Plasterers and Stucco Masons,**,**,**,22.74,47310,6.1,16.15,18.28,22.39,26.63,31
,,,,,,,,,,,,,,
20,Kansas,47-2171,Reinforcing Iron and Rebar Workers,40,43.3,0.07,32.03,66610,8.6,15.52,21.8,32.89,42.32,48.61
,,,,,,,,,,,,,,
20,Kansas,47-2181,Roofers,870,14.2,1.43,19.74,41070,5.9,12.65,14.61,18.68,23.04,31.7
,,,,,,,,,,,,,,
20,Kansas,47-3012,Helpers--Carpenters,140,20.7,0.24,14.57,30310,3,10.78,12.79,14.25,16.26,18.69
,,,,,,,,,,,,,,
20,Kansas,47-3013,Helpers--Electricians,380,30.2,0.62,14.57,30300,5.3,9.1,12.73,14.67,17.15,18.89
,,,,,,,,,,,,,,
20,Kansas,47-3016,Helpers--Roofers,**,**,**,13.95,29020,2.4,10.16,11.21,13.34,16.13,18.27
,,,,,,,,,,,,,,
20,Kansas,47-3019,"Helpers, Construction Trades, All Other",80,37.2,0.13,12.59,26180,5.9,9.83,10.9,13.02,14.28,15.03
,,,,,,,,,,,,,,
20,Kansas,47-4031,Fence Erectors,270,42,0.44,17.15,35660,4.5,12.21,14.63,17,19.23,23.44
,,,,,,,,,,,,,,
21,Kentucky,47-2021,Brickmasons and Blockmasons,810,10.8,1.03,22.17,46110,5,13.42,15.63,20.23,26.98,31.51
,,,,,,,,,,,,,,
21,Kentucky,47-2031,Carpenters,6670,5.4,8.45,23.19,48230,2.3,13.32,16.35,21.43,28.24,36.52
,,,,,,,,,,,,,,
21,Kentucky,47-2041,Carpet Installers,100,32.7,0.12,24.06,50040,15.9,12.57,15.24,22.16,34.36,38.94
,,,,,,,,,,,,,,
21,Kentucky,47-2042,"Floor Layers, Except Carpet, Wood, and Hard Tiles",130,42.9,0.16,18.08,37610,6.8,13.45,15.14,17.31,19.58,25.44
,,,,,,,,,,,,,,
21,Kentucky,47-2081,Drywall and Ceiling Tile Installers,770,16.7,0.97,20.05,41700,4.9,11.91,15.1,19.47,23.4,28.62
,,,,,,,,,,,,,,
21,Kentucky,47-2111,Electricians,6500,6.3,8.25,24.74,51450,2.1,14.84,17.96,23.98,31.55,36.63
,,,,,,,,,,,,,,
21,Kentucky,47-2131,"Insulation Workers, Floor, Ceiling, and Wall",420,26.6,0.53,19.64,40860,6.4,12.14,14.14,17.58,25.98,30.33
,,,,,,,,,,,,,,
21,Kentucky,47-2141,"Painters, Construction and Maintenance",1540,10.2,1.95,17.07,35510,3.4,9.66,13.72,16.94,20.6,24.17
,,,,,,,,,,,,,,
21,Kentucky,47-2161,Plasterers and Stucco Masons,**,**,**,20.91,43500,7.2,16.03,17.32,19.43,23.25,28.12
,,,,,,,,,,,,,,
21,Kentucky,47-2171,Reinforcing Iron and Rebar Workers,240,31.3,0.3,30.32,63060,10.2,19.68,24.79,27.74,30.92,54.89
,,,,,,,,,,,,,,
21,Kentucky,47-2181,Roofers,1100,9.9,1.39,20.35,42330,3.7,13.16,16.02,19.04,24.17,29.54
,,,,,,,,,,,,,,
21,Kentucky,47-3012,Helpers--Carpenters,210,29.5,0.27,14.4,29960,6.9,9.07,10.75,13.82,17.82,21.19
,,,,,,,,,,,,,,
21,Kentucky,47-3013,Helpers--Electricians,930,14.1,1.18,15.09,31390,2.5,10.72,12.49,14.46,17.5,20.09
,,,,,,,,,,,,,,
21,Kentucky,47-3016,Helpers--Roofers,**,**,**,15.75,32750,4.8,12.94,13.72,15.01,17.74,19.9
,,,,,,,,,,,,,,
21,Kentucky,47-3019,"Helpers, Construction Trades, All Other",90,31.3,0.12,15.58,32400,4,11.78,13.84,16.08,17.79,18.82
,,,,,,,,,,,,,,
21,Kentucky,47-4031,Fence Erectors,180,41.5,0.23,13.61,28300,6.5,9.2,12.19,13.87,15.58,17.69
,,,,,,,,,,,,,,
22,Louisiana,47-2021,Brickmasons and Blockmasons,570,17.8,0.38,19.91,41420,3.8,13.03,16.23,19.32,23.75,28.07
,,,,,,,,,,,,,,
22,Louisiana,47-2031,Carpenters,11720,6.7,7.8,22.57,46940,2.6,14.31,17.45,21.81,27.01,31.74
,,,,,,,,,,,,,,
22,Louisiana,47-2081,Drywall and Ceiling Tile Installers,320,26.6,0.21,17.09,35540,4.2,9.87,12.5,16.74,21.35,24.52
,,,,,,,,,,,,,,
22,Louisiana,47-2111,Electricians,8950,6.6,5.95,24.9,51790,1.5,16.52,19.75,24.11,29.42,35.15
,,,,,,,,,,,,,,
22,Louisiana,47-2131,"Insulation Workers, Floor, Ceiling, and Wall",1310,17.9,0.87,20.15,41910,2.6,13.93,16.47,19.43,23.18,27.65
,,,,,,,,,,,,,,
22,Louisiana,47-2141,"Painters, Construction and Maintenance",3860,6.7,2.57,21.92,45590,4.3,14.36,16.81,20.38,26.45,32.06
,,,,,,,,,,,,,,
22,Louisiana,47-2161,Plasterers and Stucco Masons,120,37.7,0.08,16.55,34430,7.5,9.07,12.74,16.87,19.32,23.43
,,,,,,,,,,,,,,
22,Louisiana,47-2171,Reinforcing Iron and Rebar Workers,340,14.5,0.22,28.75,59790,3.6,18.97,24.55,28.5,34.11,38.13
,,,,,,,,,,,,,,
22,Louisiana,47-2181,Roofers,520,14.3,0.34,16.17,33630,5.9,9.58,12.02,15.88,20.06,23.84
,,,,,,,,,,,,,,
22,Louisiana,47-3012,Helpers--Carpenters,1740,6.8,1.15,15.79,32850,3.2,8.97,11.56,15.11,19.48,23.46
,,,,,,,,,,,,,,
22,Louisiana,47-3013,Helpers--Electricians,3680,5.6,2.45,16.06,33410,2.5,10.43,12.34,15.21,18.94,23.52
,,,,,,,,,,,,,,
22,Louisiana,47-3016,Helpers--Roofers,260,21.1,0.17,11.93,24810,4.3,8.24,9.46,11.65,14.03,16.19
,,,,,,,,,,,,,,
22,Louisiana,47-3019,"Helpers, Construction Trades, All Other",2330,6.8,1.55,17.72,36870,3.7,9.82,13.76,17.56,21.91,25.61
,,,,,,,,,,,,,,
22,Louisiana,47-4031,Fence Erectors,90,26.7,0.06,13.73,28550,8.3,9.14,10.74,12.73,16.24,21.06
,,,,,,,,,,,,,,
23,Maine,47-2021,Brickmasons and Blockmasons,230,25.2,0.8,19.35,40240,4.7,14.07,16.35,19.22,22.46,25.3
,,,,,,,,,,,,,,
23,Maine,47-2031,Carpenters,3920,5,13.33,19.96,41530,1.6,14.63,16.67,19.55,23.37,27.11
,,,,,,,,,,,,,,
23,Maine,47-2042,"Floor Layers, Except Carpet, Wood, and Hard Tiles",**,**,**,22.03,45820,6.7,16.2,19.68,22.22,25.2,28.56
,,,,,,,,,,,,,,
23,Maine,47-2081,Drywall and Ceiling Tile Installers,390,22.5,1.32,21,43680,7.5,11.27,17.43,21.68,24.92,29.37
,,,,,,,,,,,,,,
23,Maine,47-2111,Electricians,1300,10.6,4.44,25.05,52090,3.1,16.17,18.68,25.77,29.9,35.2
,,,,,,,,,,,,,,
23,Maine,47-2131,"Insulation Workers, Floor, Ceiling, and Wall",200,29.8,0.67,18.1,37650,3.3,13.05,14.91,17.19,19.7,24.09
,,,,,,,,,,,,,,
23,Maine,47-2141,"Painters, Construction and Maintenance",680,11.9,2.33,19.3,40130,4.8,13.36,16.35,18.86,22.74,26.07
,,,,,,,,,,,,,,
23,Maine,47-2181,Roofers,440,13.1,1.51,17.61,36630,3.4,12.91,14.17,16.73,20.18,23.8
,,,,,,,,,,,,,,
23,Maine,47-3012,Helpers--Carpenters,380,29.2,1.31,14.43,30010,5.8,10.14,11.81,15.14,17.08,18.26
,,,,,,,,,,,,,,
23,Maine,47-3013,Helpers--Electricians,690,11.9,2.36,14.9,30990,5.7,10.48,11.94,14.27,17.7,20.24
,,,,,,,,,,,,,,
23,Maine,47-3019,"Helpers, Construction Trades, All Other",**,**,**,13.54,28170,3.1,10.89,12.5,13.6,14.7,16
,,,,,,,,,,,,,,
23,Maine,47-4031,Fence Erectors,190,36.5,0.64,16.8,34950,9.2,10.6,12.71,15.91,18.68,22.73
,,,,,,,,,,,,,,
24,Maryland,47-2021,Brickmasons and Blockmasons,1890,8.8,1.16,24.3,50550,3.9,15.15,19.91,23.43,29.18,34.81
,,,,,,,,,,,,,,
24,Maryland,47-2031,Carpenters,13230,6,8.09,23.48,48830,2.3,14.72,17.63,22.12,27.91,35.08
,,,,,,,,,,,,,,
24,Maryland,47-2041,Carpet Installers,460,25,0.28,23.03,47890,21.8,11.23,13.14,16.56,25.94,50.07
,,,,,,,,,,,,,,
24,Maryland,47-2042,"Floor Layers, Except Carpet, Wood, and Hard Tiles",100,41.8,0.06,21.27,44230,6.1,12.12,14.9,19.85,27.52,32.27
,,,,,,,,,,,,,,
24,Maryland,47-2081,Drywall and Ceiling Tile Installers,1930,14.3,1.18,21.78,45300,2,16.65,19.26,21.83,24.19,27.43
,,,,,,,,,,,,,,
24,Maryland,47-2111,Electricians,11960,7.2,7.31,27.19,56560,2.7,15.38,19.18,25.51,33.5,43.97
,,,,,,,,,,,,,,
24,Maryland,47-2131,"Insulation Workers, Floor, Ceiling, and Wall",**,**,**,17.29,35960,3.1,13.1,14.87,16.9,18.74,22.67
,,,,,,,,,,,,,,
24,Maryland,47-2141,"Painters, Construction and Maintenance",3680,11.5,2.25,18.19,37830,2.6,13.08,15.4,17.71,20.73,24.31
,,,,,,,,,,,,,,
24,Maryland,47-2161,Plasterers and Stucco Masons,**,**,**,24.84,51670,5.5,19.81,22.53,25.63,28.14,29.67
,,,,,,,,,,,,,,
24,Maryland,47-2171,Reinforcing Iron and Rebar Workers,680,16,0.42,22.01,45780,3.1,17.01,19.69,22.06,24.44,28.12
,,,,,,,,,,,,,,
24,Maryland,47-2181,Roofers,1500,16,0.92,22.26,46310,2.7,15.49,18.98,22.34,25.92,29.56
,,,,,,,,,,,,,,
24,Maryland,47-3012,Helpers--Carpenters,1270,18.7,0.77,15.04,31290,5,9.35,10.53,15.35,18.31,21.4
,,,,,,,,,,,,,,
24,Maryland,47-3013,Helpers--Electricians,1310,17.3,0.8,15.19,31600,3,10.45,12.73,14.97,17.57,19.41
,,,,,,,,,,,,,,
24,Maryland,47-3016,Helpers--Roofers,350,40.5,0.21,17.36,36110,2.2,13.16,14.77,17.25,19.66,22.8
,,,,,,,,,,,,,,
24,Maryland,47-3019,"Helpers, Construction Trades, All Other",610,37.4,0.37,13.51,28090,6.9,9.46,9.78,12.94,16.25,19.28
,,,,,,,,,,,,,,
24,Maryland,47-4031,Fence Erectors,540,38.5,0.33,14.72,30620,3,10.46,11.84,14.44,16.98,18.94
,,,,,,,,,,,,,,
25,Massachusetts,47-2021,Brickmasons and Blockmasons,1280,15.8,0.8,34.18,71080,6.8,19.82,23.61,29.54,46.68,54.08
,,,,,,,,,,,,,,
25,Massachusetts,47-2031,Carpenters,16000,4.6,10.01,29.45,61260,1.7,17.86,21.66,27.52,37.2,45.56
,,,,,,,,,,,,,,
25,Massachusetts,47-2041,Carpet Installers,550,16.9,0.34,33.41,69490,7.7,14.96,24.4,34.56,42.37,48.82
,,,,,,,,,,,,,,
25,Massachusetts,47-2042,"Floor Layers, Except Carpet, Wood, and Hard Tiles",130,27.7,0.08,30.69,63830,8.6,20.45,25.13,28.48,39.64,46.28
,,,,,,,,,,,,,,
25,Massachusetts,47-2081,Drywall and Ceiling Tile Installers,1180,32.7,0.74,23.99,49900,3.9,16.51,19.59,23.11,27.14,30.99
,,,,,,,,,,,,,,
25,Massachusetts,47-2111,Electricians,13920,4.9,8.71,32.5,67610,2.9,16.88,21.92,30.37,41.99,52.35
,,,,,,,,,,,,,,
25,Massachusetts,47-2131,"Insulation Workers, Floor, Ceiling, and Wall",**,**,**,23,47840,3.8,16,17.5,20.32,27.28,34.71
,,,,,,,,,,,,,,
25,Massachusetts,47-2141,"Painters, Construction and Maintenance",4020,5.6,2.52,24.92,51830,6.2,12.11,16.12,20.86,28.73,45.97
,,,,,,,,,,,,,,
25,Massachusetts,47-2161,Plasterers and Stucco Masons,800,23.8,0.5,32.52,67640,3.6,21.88,28.42,33.53,37.18,42.11
,,,,,,,,,,,,,,
25,Massachusetts,47-2171,Reinforcing Iron and Rebar Workers,180,36.2,0.11,29.32,60980,8.5,15.84,19.87,28.25,36.53,45.47
,,,,,,,,,,,,,,
25,Massachusetts,47-2181,Roofers,1730,13.4,1.08,27.92,58080,7.2,15.39,19.69,24.94,36.15,45.96
,,,,,,,,,,,,,,
25,Massachusetts,47-3012,Helpers--Carpenters,700,17.5,0.44,19.06,39630,4.8,13.08,14.87,17.19,20.16,30.38
,,,,,,,,,,,,,,
25,Massachusetts,47-3013,Helpers--Electricians,1320,15.3,0.83,18.06,37570,4.2,11.89,13.58,17.7,22.02,25.15
,,,,,,,,,,,,,,
25,Massachusetts,47-3016,Helpers--Roofers,160,35.4,0.1,17,35370,8.1,12.9,13.96,15.73,20.54,22.62
,,,,,,,,,,,,,,
25,Massachusetts,47-3019,"Helpers, Construction Trades, All Other",230,24.9,0.14,20.42,42470,7.3,11.47,14.44,17.76,23.25,35.66
,,,,,,,,,,,,,,
25,Massachusetts,47-4031,Fence Erectors,850,15.4,0.53,21.39,44490,6.3,12.6,15.1,18.14,26.87,35.8
,,,,,,,,,,,,,,
26,Michigan,47-2021,Brickmasons and Blockmasons,2050,15.8,1.2,25.37,52760,2.5,16.59,19.4,26.08,29.77,34.54
,,,,,,,,,,,,,,
26,Michigan,47-2031,Carpenters,17890,5.1,10.5,22.89,47610,1.8,12.86,16.46,21.6,28.31,35.08
,,,,,,,,,,,,,,
26,Michigan,47-2041,Carpet Installers,950,29.2,0.56,18.02,37480,7.6,9.64,12.43,16.89,23.26,28.87
,,,,,,,,,,,,,,
26,Michigan,47-2042,"Floor Layers, Except Carpet, Wood, and Hard Tiles",340,12.3,0.2,20.64,42930,9,11.47,14.75,21.22,25.43,29.37
,,,,,,,,,,,,,,
26,Michigan,47-2081,Drywall and Ceiling Tile Installers,1030,21.1,0.61,20.37,42360,5.4,13.71,16.29,19.23,23.46,30.59
,,,,,,,,,,,,,,
26,Michigan,47-2111,Electricians,15510,5.4,9.1,27.27,56720,2.2,14.45,18.71,26.56,34.94,42.36
,,,,,,,,,,,,,,
26,Michigan,47-2131,"Insulation Workers, Floor, Ceiling, and Wall",360,17.5,0.21,18.51,38510,4,12.78,13.95,16.6,22.45,28.54
,,,,,,,,,,,,,,
26,Michigan,47-2141,"Painters, Construction and Maintenance",3260,9.5,1.91,18.91,39330,3.1,12.21,14.69,17.72,22.98,28.33
,,,,,,,,,,,,,,
26,Michigan,47-2161,Plasterers and Stucco Masons,180,32.3,0.11,25.31,52640,5.9,16.34,21,26.06,29.63,33.38
,,,,,,,,,,,,,,
26,Michigan,47-2181,Roofers,2900,8.9,1.7,21.1,43890,3.6,13.25,15.67,19.16,24.69,33.24
,,,,,,,,,,,,,,
26,Michigan,47-3012,Helpers--Carpenters,380,34.1,0.23,13.77,28640,2.6,11.23,12.49,13.58,14.66,16.77
,,,,,,,,,,,,,,
26,Michigan,47-3013,Helpers--Electricians,620,30.4,0.36,15.98,33250,5.2,9.87,12.88,15.84,19.41,22.3
,,,,,,,,,,,,,,
26,Michigan,47-3016,Helpers--Roofers,90,48,0.05,13.06,27170,5.6,9.47,11.63,13.22,14.43,15.21
,,,,,,,,,,,,,,
26,Michigan,47-3019,"Helpers, Construction Trades, All Other",180,27.4,0.1,17.52,36440,3,12.24,15.9,17.41,19,23.16
,,,,,,,,,,,,,,
26,Michigan,47-4031,Fence Erectors,**,**,**,17.46,36310,5.5,14.01,15.41,16.9,18.4,23.3
,,,,,,,,,,,,,,
27,Minnesota,47-2021,Brickmasons and Blockmasons,1850,16.6,1.49,29.7,61770,4.3,17.63,23.36,30.58,35.91,39.27
,,,,,,,,,,,,,,
27,Minnesota,47-2031,Carpenters,15370,5.3,12.44,25.47,52970,1.5,16.12,19.03,24.44,31.64,37.09
,,,,,,,,,,,,,,
27,Minnesota,47-2041,Carpet Installers,570,40.2,0.46,27.18,56530,8.6,15.85,20.04,27.17,35.39,38.48
,,,,,,,,,,,,,,
27,Minnesota,47-2081,Drywall and Ceiling Tile Installers,930,26.8,0.76,28.5,59270,4.8,16.98,22.96,30.18,35.21,38
,,,,,,,,,,,,,,
27,Minnesota,47-2111,Electricians,8370,9.7,6.78,33.65,69990,2.9,17.41,24.97,34.2,42.86,48.09
,,,,,,,,,,,,,,
27,Minnesota,47-2131,"Insulation Workers, Floor, Ceiling, and Wall",790,21.9,0.64,22.01,45780,7.1,14.36,16.62,19.81,24.51,29.81
,,,,,,,,,,,,,,
27,Minnesota,47-2141,"Painters, Construction and Maintenance",3080,3.6,2.5,24.02,49970,5,14.76,17.5,23.06,29.96,36.27
,,,,,,,,,,,,,,
27,Minnesota,47-2161,Plasterers and Stucco Masons,250,34.6,0.2,39.04,81210,4.1,26.29,34.49,41,45.84,48.73
,,,,,,,,,,,,,,
27,Minnesota,47-2171,Reinforcing Iron and Rebar Workers,220,17.6,0.18,33.86,70420,5.8,23.63,31.4,34.53,37.66,43.05
,,,,,,,,,,,,,,
27,Minnesota,47-2181,Roofers,1990,19.1,1.61,26.02,54110,4.7,15.5,18.58,25.34,34.1,37.91
,,,,,,,,,,,,,,
27,Minnesota,47-3012,Helpers--Carpenters,680,14.2,0.55,17.52,36430,4.5,12.11,15.31,17.29,19.17,23.54
,,,,,,,,,,,,,,
27,Minnesota,47-3013,Helpers--Electricians,110,46.2,0.09,18.18,37800,7,12.47,15,18.26,21.75,23.98
,,,,,,,,,,,,,,
27,Minnesota,47-3019,"Helpers, Construction Trades, All Other",160,28.3,0.13,17.68,36780,7.1,10.03,13.86,16.82,19.09,25.16
,,,,,,,,,,,,,,
27,Minnesota,47-4031,Fence Erectors,420,31.8,0.34,19.13,39790,3.7,14.9,16.29,18.55,21.6,23.65
,,,,,,,,,,,,,,
28,Mississippi,47-2021,Brickmasons and Blockmasons,120,24.9,0.27,16.45,34210,4.9,11.01,13.06,16.23,19.63,22.91
,,,,,,,,,,,,,,
28,Mississippi,47-2031,Carpenters,2420,9.2,5.36,17.99,37420,2.1,12.35,14.91,17.64,21.34,24.64
,,,,,,,,,,,,,,
28,Mississippi,47-2041,Carpet Installers,50,42.3,0.11,13.98,29090,10.9,8.58,10.7,13.67,16.52,18.8
,,,,,,,,,,,,,,
28,Mississippi,47-2081,Drywall and Ceiling Tile Installers,130,17.7,0.3,17.54,36480,4.7,12.7,14.4,16.73,19.09,22.23
,,,,,,,,,,,,,,
28,Mississippi,47-2111,Electricians,3050,8.5,6.76,22.33,46440,3.3,13.89,17.16,21.53,26.67,34.03
,,,,,,,,,,,,,,
28,Mississippi,47-2131,"Insulation Workers, Floor, Ceiling, and Wall",80,43,0.18,17.27,35920,4.2,11.38,13.63,16.16,19.7,24.62
,,,,,,,,,,,,,,
28,Mississippi,47-2141,"Painters, Construction and Maintenance",760,14,1.69,15.96,33200,4.1,11.23,13.24,15.42,18.17,21.73
,,,,,,,,,,,,,,
28,Mississippi,47-2161,Plasterers and Stucco Masons,90,49.4,0.2,17.45,36310,4.5,13.33,15.57,17.3,19.19,22.71
,,,,,,,,,,,,,,
28,Mississippi,47-2171,Reinforcing Iron and Rebar Workers,**,**,**,23.85,49610,8.1,15.89,17.57,20.86,30.14,37.42
,,,,,,,,,,,,,,
28,Mississippi,47-2181,Roofers,370,15.6,0.82,15.48,32190,4.3,10.12,11.43,14.09,18.48,23.09
,,,,,,,,,,,,,,
28,Mississippi,47-3012,Helpers--Carpenters,270,17.9,0.6,14.51,30180,3.7,9.64,12.52,14.12,16.47,19.32
,,,,,,,,,,,,,,
28,Mississippi,47-3013,Helpers--Electricians,790,19.2,1.75,13.92,28950,1.9,11.42,12.75,13.88,15.09,17.24
,,,,,,,,,,,,,,
28,Mississippi,47-3016,Helpers--Roofers,**,**,**,11.48,23890,13,7.88,8.67,10.65,13.33,16.16
,,,,,,,,,,,,,,
28,Mississippi,47-3019,"Helpers, Construction Trades, All Other",110,36.7,0.24,14.41,29970,4.4,9.39,12.28,14.28,16.95,18.93
,,,,,,,,,,,,,,
28,Mississippi,47-4031,Fence Erectors,**,**,**,15.73,32720,8.5,11.06,13.09,14.86,19.04,21.9
,,,,,,,,,,,,,,
29,Missouri,47-2021,Brickmasons and Blockmasons,1440,11.1,1.16,31.11,64710,3.6,18.73,26.38,32.09,37.15,40.56
,,,,,,,,,,,,,,
29,Missouri,47-2031,Carpenters,12150,4.7,9.82,26.49,55090,1.9,13.67,17.72,26.01,34.57,39.82
,,,,,,,,,,,,,,
29,Missouri,47-2041,Carpet Installers,200,36.3,0.16,26.03,54150,12.4,13.57,16.88,27.25,35.33,38.12
,,,,,,,,,,,,,,
29,Missouri,47-2042,"Floor Layers, Except Carpet, Wood, and Hard Tiles",370,27,0.3,23.97,49870,8,11.54,14.28,21.4,31.24,42.56
,,,,,,,,,,,,,,
29,Missouri,47-2081,Drywall and Ceiling Tile Installers,690,30.7,0.56,21.36,44430,4.5,13.21,15.38,19.35,24.03,34.95
,,,,,,,,,,,,,,
29,Missouri,47-2111,Electricians,9060,10,7.32,29.22,60770,2,16.29,21.58,30.43,36.22,39.88
,,,,,,,,,,,,,,
29,Missouri,47-2131,"Insulation Workers, Floor, Ceiling, and Wall",710,47.4,0.57,21.12,43920,6.9,9.9,12.88,19.94,27.24,36.54
,,,,,,,,,,,,,,
29,Missouri,47-2141,"Painters, Construction and Maintenance",3710,5,3,25.32,52660,4.7,14.31,18.17,24.8,33.44,37.12
,,,,,,,,,,,,,,
29,Missouri,47-2161,Plasterers and Stucco Masons,240,37.5,0.19,23.41,48700,9.9,13.65,15.66,20.92,29.35,37.88
,,,,,,,,,,,,,,
29,Missouri,47-2171,Reinforcing Iron and Rebar Workers,290,42.9,0.23,35.54,73910,4.7,23.96,32.82,35.61,38.39,40.42
,,,,,,,,,,,,,,
29,Missouri,47-2181,Roofers,2140,11.8,1.73,25.16,52340,4.6,13.76,17.42,23.33,31.62,37.06
,,,,,,,,,,,,,,
29,Missouri,47-3012,Helpers--Carpenters,770,15.1,0.63,18.42,38320,1.9,13.26,14.95,17.46,21.19,25.55
,,,,,,,,,,,,,,
29,Missouri,47-3013,Helpers--Electricians,840,20.4,0.68,17.54,36490,2.4,11.82,14,16.85,19.89,25.43
,,,,,,,,,,,,,,
29,Missouri,47-3016,Helpers--Roofers,**,**,**,24.44,50840,12,16.37,19.42,26.67,29.29,30.87
,,,,,,,,,,,,,,
29,Missouri,47-3019,"Helpers, Construction Trades, All Other",150,24.8,0.12,17.41,36210,2.6,12.51,14.32,16.94,19.63,24
,,,,,,,,,,,,,,
29,Missouri,47-4031,Fence Erectors,430,23.2,0.35,22.95,47730,18.5,12.7,15.01,20.54,32.78,36.43
,,,,,,,,,,,,,,
30,Montana,47-2021,Brickmasons and Blockmasons,380,30.9,1.3,21.85,45440,10,13.26,14.98,22,27.34,30.68
,,,,,,,,,,,,,,
30,Montana,47-2031,Carpenters,4040,5.6,13.82,20.57,42780,1.9,13.05,16.09,20.28,24.29,29
,,,,,,,,,,,,,,
30,Montana,47-2081,Drywall and Ceiling Tile Installers,180,20.9,0.6,20.29,42190,9.6,13.31,15.76,18.34,24.88,30
,,,,,,,,,,,,,,
30,Montana,47-2111,Electricians,1870,7.5,6.38,27.48,57160,3.6,15.54,20.54,27.54,33.64,39.37
,,,,,,,,,,,,,,
30,Montana,47-2131,"Insulation Workers, Floor, Ceiling, and Wall",330,25.3,1.12,20.44,42510,8.1,11.8,13.93,18.45,25.28,33.77
,,,,,,,,,,,,,,
30,Montana,47-2141,"Painters, Construction and Maintenance",870,17.2,2.99,17.31,36010,4.2,10.34,14.51,17.52,20.64,23.42
,,,,,,,,,,,,,,
30,Montana,47-2161,Plasterers and Stucco Masons,70,42.3,0.23,17.65,36710,8.7,12.2,13.3,16.17,21.77,26.4
,,,,,,,,,,,,,,
30,Montana,47-2181,Roofers,470,8,1.59,17.75,36910,3.1,12.93,14.68,16.91,19.82,23.95
,,,,,,,,,,,,,,
30,Montana,47-3012,Helpers--Carpenters,100,39.5,0.35,17.1,35570,2.4,14.55,16.08,17.33,18.59,19.38
,,,,,,,,,,,,,,
30,Montana,47-3013,Helpers--Electricians,80,22.3,0.27,15.14,31500,5.1,10.55,12.11,15.04,17.91,20.03
,,,,,,,,,,,,,,
30,Montana,47-4031,Fence Erectors,310,34.3,1.05,16.41,34140,2.3,12.72,14,16.19,18.52,21.55
,,,,,,,,,,,,,,
31,Nebraska,47-2021,Brickmasons and Blockmasons,650,10.4,1.23,25.46,52950,4.6,16.33,20.63,26.35,29.69,33.51
,,,,,,,,,,,,,,
31,Nebraska,47-2031,Carpenters,6390,7.2,12.09,18.56,38600,1.7,12.31,14.74,17.78,22.16,26.52
,,,,,,,,,,,,,,
31,Nebraska,47-2041,Carpet Installers,**,**,**,28.83,59960,12.9,14.06,26.44,30.12,34.68,37.6
,,,,,,,,,,,,,,
31,Nebraska,47-2081,Drywall and Ceiling Tile Installers,480,29.2,0.91,18.89,39280,3.7,12.26,15.74,19.12,22.39,24.74
,,,,,,,,,,,,,,
31,Nebraska,47-2111,Electricians,4200,5.5,7.95,23.21,48270,4.3,14.07,16.88,21.63,28.91,35.98
,,,,,,,,,,,,,,
31,Nebraska,47-2131,"Insulation Workers, Floor, Ceiling, and Wall",160,39.4,0.31,17.77,36970,6.1,12.76,14.37,17.03,20.17,24.31
,,,,,,,,,,,,,,
31,Nebraska,47-2141,"Painters, Construction and Maintenance",1230,28,2.33,15.75,32770,8.5,9.15,10.82,16.24,18.68,22.28
,,,,,,,,,,,,,,
31,Nebraska,47-2161,Plasterers and Stucco Masons,50,46,0.09,19.09,39710,5.5,15.21,16.43,18.43,22.21,24.69
,,,,,,,,,,,,,,
31,Nebraska,47-2171,Reinforcing Iron and Rebar Workers,150,37.2,0.29,26.55,55230,3.6,19.58,23.69,27.5,30.14,31.79
,,,,,,,,,,,,,,
31,Nebraska,47-2181,Roofers,1080,16.2,2.05,16.03,33340,3.4,9.99,13.23,16.28,18.37,21.82
,,,,,,,,,,,,,,
31,Nebraska,47-3012,Helpers--Carpenters,30,37.4,0.06,14.03,29170,4.1,12.16,12.75,13.76,14.78,17.2
,,,,,,,,,,,,,,
31,Nebraska,47-3013,Helpers--Electricians,140,38.4,0.26,15.96,33200,8.2,10.7,12.62,15.43,19.59,22.65
,,,,,,,,,,,,,,
31,Nebraska,47-4031,Fence Erectors,130,49.3,0.24,15.66,32570,8.4,11.98,12.99,14.29,16.85,21.47
,,,,,,,,,,,,,,
32,Nevada,47-2021,Brickmasons and Blockmasons,720,19.3,0.83,23.61,49110,6.2,15.91,18.69,22.08,27.16,34.82
,,,,,,,,,,,,,,
32,Nevada,47-2031,Carpenters,8190,7.4,9.46,25.47,52970,2.6,13.54,17.86,22.97,32.1,43.08
,,,,,,,,,,,,,,
32,Nevada,47-2041,Carpet Installers,630,26.1,0.73,23.91,49730,8.3,13.08,19.3,23,30,36.47
,,,,,,,,,,,,,,
32,Nevada,47-2042,"Floor Layers, Except Carpet, Wood, and Hard Tiles",90,43.1,0.11,23,47830,7.7,13.63,16.97,22.29,28.46,34.64
,,,,,,,,,,,,,,
32,Nevada,47-2081,Drywall and Ceiling Tile Installers,2790,14.5,3.22,18.24,37930,7.3,8.28,11.28,18.14,22.81,27.59
,,,,,,,,,,,,,,
32,Nevada,47-2111,Electricians,5320,9.1,6.14,29.74,61850,4.2,18.12,22.44,27.98,36.04,45.31
,,,,,,,,,,,,,,
32,Nevada,47-2131,"Insulation Workers, Floor, Ceiling, and Wall",80,32.9,0.09,17.04,35450,15.2,8.55,10.71,15.42,20.85,28.86
,,,,,,,,,,,,,,
32,Nevada,47-2141,"Painters, Construction and Maintenance",2700,8.6,3.12,21.45,44620,5,13.32,16.32,19.43,25.61,31.11
,,,,,,,,,,,,,,
32,Nevada,47-2161,Plasterers and Stucco Masons,1970,12.2,2.28,18.57,38630,5.5,12.5,14.86,17.2,20.04,28.34
,,,,,,,,,,,,,,
32,Nevada,47-2171,Reinforcing Iron and Rebar Workers,580,29.3,0.67,28.16,58580,7.4,16.61,19.82,29.52,36.27,39.28
,,,,,,,,,,,,,,
32,Nevada,47-2181,Roofers,1870,11.4,2.16,20.89,43450,4,14.36,17.09,20.4,24.28,29.68
,,,,,,,,,,,,,,
32,Nevada,47-3012,Helpers--Carpenters,320,29,0.37,14.25,29640,7.1,10.44,11.74,13.81,16.33,18.5
,,,,,,,,,,,,,,
32,Nevada,47-3013,Helpers--Electricians,650,23.2,0.75,16.54,34390,5.1,12.78,14.04,16.25,18.46,21.23
,,,,,,,,,,,,,,
32,Nevada,47-3016,Helpers--Roofers,60,47.9,0.06,17.99,37410,10.9,11.01,13.67,16.93,19.82,28.33
,,,,,,,,,,,,,,
32,Nevada,47-3019,"Helpers, Construction Trades, All Other",50,44.9,0.05,15.47,32170,7.5,9.11,13.24,16.42,18.2,19.71
,,,,,,,,,,,,,,
32,Nevada,47-4031,Fence Erectors,290,45.4,0.34,18.41,38290,3.3,13.83,15.84,17.92,20.83,24.15
,,,,,,,,,,,,,,
33,New Hampshire,47-2021,Brickmasons and Blockmasons,260,24.4,0.96,22.49,46770,3.6,16.39,18.13,21.73,27.27,30.36
,,,,,,,,,,,,,,
33,New Hampshire,47-2031,Carpenters,2810,4.9,10.29,22.92,47670,1.6,15.73,18.83,22.56,26.77,30.71
,,,,,,,,,,,,,,
33,New Hampshire,47-2042,"Floor Layers, Except Carpet, Wood, and Hard Tiles",**,**,**,23.14,48120,10.2,15.91,18.29,23.14,27.66,30.84
,,,,,,,,,,,,,,
33,New Hampshire,47-2081,Drywall and Ceiling Tile Installers,390,39.9,1.42,22.78,47380,2.9,15.08,17.94,22.23,27.12,31.98
,,,,,,,,,,,,,,
33,New Hampshire,47-2111,Electricians,1890,7.5,6.92,25.12,52250,2.4,15.33,18.98,25.16,29.95,35.51
,,,,,,,,,,,,,,
33,New Hampshire,47-2131,"Insulation Workers, Floor, Ceiling, and Wall",340,21.6,1.24,18.85,39200,3.1,13.08,14.64,18,22.35,27.18
,,,,,,,,,,,,,,
33,New Hampshire,47-2141,"Painters, Construction and Maintenance",680,6.3,2.48,19.28,40110,2.6,13.27,15.85,18.1,22.04,27.92
,,,,,,,,,,,,,,
33,New Hampshire,47-2161,Plasterers and Stucco Masons,**,**,**,26.49,55100,7.6,21.53,25.9,27.75,29.6,30.72
,,,,,,,,,,,,,,
33,New Hampshire,47-2181,Roofers,260,24.6,0.95,18.52,38530,5.1,13.21,15.29,18.32,21.94,24.08
,,,,,,,,,,,,,,
33,New Hampshire,47-3012,Helpers--Carpenters,100,27,0.37,16.94,35230,3.7,13.63,15.99,17.38,18.77,19.94
,,,,,,,,,,,,,,
33,New Hampshire,47-3013,Helpers--Electricians,50,49.8,0.18,14.14,29410,7.1,8.84,13.05,14.55,16.23,18.22
,,,,,,,,,,,,,,
34,New Jersey,47-2021,Brickmasons and Blockmasons,1170,20.1,0.73,34.88,72560,5.2,23.39,27.79,33.99,43.7,47.79
,,,,,,,,,,,,,,
34,New Jersey,47-2031,Carpenters,13560,6.1,8.52,30.61,63670,2,16.4,21.09,28.17,40.65,49.29
,,,,,,,,,,,,,,
34,New Jersey,47-2041,Carpet Installers,510,26,0.32,24.97,51950,11,16.43,18.08,24.24,29.91,36
,,,,,,,,,,,,,,
34,New Jersey,47-2042,"Floor Layers, Except Carpet, Wood, and Hard Tiles",**,**,**,42.17,87710,5.4,38.83,40.53,43.35,46.18,47.87
,,,,,,,,,,,,,,
34,New Jersey,47-2081,Drywall and Ceiling Tile Installers,1990,14.6,1.25,26.05,54180,4.9,17.59,20.88,25.44,30.59,36.65
,,,,,,,,,,,,,,
34,New Jersey,47-2111,Electricians,15020,5.9,9.44,34.71,72200,3,17.51,22.49,30.69,49.55,58.6
,,,,,,,,,,,,,,
34,New Jersey,47-2131,"Insulation Workers, Floor, Ceiling, and Wall",400,26.1,0.25,17.44,36270,5.3,10.83,12.65,15.83,20.36,24.47
,,,,,,,,,,,,,,
34,New Jersey,47-2141,"Painters, Construction and Maintenance",3390,8,2.13,26.05,54190,5.3,14.05,17.41,22.75,33.48,45.32
,,,,,,,,,,,,,,
34,New Jersey,47-2171,Reinforcing Iron and Rebar Workers,350,47,0.22,42.45,88290,7.5,20.23,36.18,44.67,51.1,59.35
,,,,,,,,,,,,,,
34,New Jersey,47-2181,Roofers,1380,12.9,0.87,28.4,59080,4,16.54,21.33,28.69,35.31,39.57
,,,,,,,,,,,,,,
34,New Jersey,47-3012,Helpers--Carpenters,740,26.7,0.46,15.44,32110,6.1,9.39,12.91,15.59,17.97,21.06
,,,,,,,,,,,,,,
34,New Jersey,47-3013,Helpers--Electricians,1410,26.9,0.88,17.46,36320,4.3,11.25,13.45,17.24,21.82,24.15
,,,,,,,,,,,,,,
34,New Jersey,47-3019,"Helpers, Construction Trades, All Other",120,47.9,0.08,16.06,33400,6.1,13.33,14.37,15.77,17.88,19.22
,,,,,,,,,,,,,,
34,New Jersey,47-4031,Fence Erectors,560,40.1,0.35,16.31,33920,10.4,9.26,10.44,15.88,19.77,23.99
,,,,,,,,,,,,,,
35,New Mexico,47-2021,Brickmasons and Blockmasons,170,24.8,0.36,20.06,41720,4.6,11.86,16.56,19.14,23.5,29.42
,,,,,,,,,,,,,,
35,New Mexico,47-2031,Carpenters,3540,7.7,7.48,18.96,39430,2.1,12.52,15.1,18.3,22.58,26.27
,,,,,,,,,,,,,,
35,New Mexico,47-2041,Carpet Installers,**,**,**,15.59,32420,7.8,9.78,14.79,16.35,17.92,19.73
,,,,,,,,,,,,,,
35,New Mexico,47-2081,Drywall and Ceiling Tile Installers,530,18.3,1.11,19.13,39780,2.3,15.54,16.55,18.23,21.57,24.64
,,,,,,,,,,,,,,
35,New Mexico,47-2111,Electricians,3280,9.3,6.93,22.84,47510,3,13.59,17.36,22.71,27.79,31.19
,,,,,,,,,,,,,,
35,New Mexico,47-2141,"Painters, Construction and Maintenance",750,16.8,1.58,16.38,34080,2.6,11.47,13.74,16.3,18.57,22.39
,,,,,,,,,,,,,,
35,New Mexico,47-2161,Plasterers and Stucco Masons,530,18.2,1.13,19.29,40120,5,15.18,16.41,18.11,20.95,25.45
,,,,,,,,,,,,,,
35,New Mexico,47-2181,Roofers,1360,7.9,2.88,15.12,31450,2.6,11.98,13.08,14.79,17.14,18.83
,,,,,,,,,,,,,,
35,New Mexico,47-3012,Helpers--Carpenters,210,32.2,0.44,13.45,27980,3.4,9.43,11.17,13.41,15.47,17.91
,,,,,,,,,,,,,,
35,New Mexico,47-3013,Helpers--Electricians,670,24,1.41,14.94,31080,4.1,10.63,12.76,15.44,17.45,18.64
,,,,,,,,,,,,,,
35,New Mexico,47-3016,Helpers--Roofers,50,49.8,0.1,15.36,31940,4.4,10.86,12.81,14.6,17.85,21.42
,,,,,,,,,,,,,,
35,New Mexico,47-3019,"Helpers, Construction Trades, All Other",180,28.8,0.39,13.44,27960,4.1,9.82,11.37,13.44,15.18,17.64
,,,,,,,,,,,,,,
36,New York,47-2021,Brickmasons and Blockmasons,5350,11.5,1.33,37.2,77370,4.4,20.99,27.17,34.2,46.98,58.11
,,,,,,,,,,,,,,
36,New York,47-2031,Carpenters,42040,3.5,10.44,29.8,61970,1.9,15,18.59,25.76,37.68,55.85
,,,,,,,,,,,,,,
36,New York,47-2041,Carpet Installers,980,38,0.24,24.5,50970,12.9,12.06,13.45,16.02,24.92,58.67
,,,,,,,,,,,,,,
36,New York,47-2042,"Floor Layers, Except Carpet, Wood, and Hard Tiles",670,19.5,0.17,25.7,53460,8.6,12.81,16.67,22.38,34.77,39.98
,,,,,,,,,,,,,,
36,New York,47-2081,Drywall and Ceiling Tile Installers,5430,14.1,1.35,23.87,49640,5.4,12.91,15.25,19.74,28.41,43.43
,,,,,,,,,,,,,,
36,New York,47-2111,Electricians,33530,3.9,8.33,37.86,78750,3.4,16.85,22.1,34.35,53.7,61
,,,,,,,,,,,,,,
36,New York,47-2131,"Insulation Workers, Floor, Ceiling, and Wall",840,18.5,0.21,17.8,37020,6.6,10.41,12.11,17.08,22.36,27.32
,,,,,,,,,,,,,,
36,New York,47-2141,"Painters, Construction and Maintenance",11190,6.4,2.78,23.22,48310,5.7,11.34,13.97,19.64,27.66,45.37
,,,,,,,,,,,,,,
36,New York,47-2161,Plasterers and Stucco Masons,750,41.2,0.19,18.94,39400,8.5,10.81,11.42,15.36,25.03,33.26
,,,,,,,,,,,,,,
36,New York,47-2171,Reinforcing Iron and Rebar Workers,1160,20.7,0.29,36.21,75310,9.7,14.28,24.55,40.83,47.44,54.84
,,,,,,,,,,,,,,
36,New York,47-2181,Roofers,4780,9.8,1.19,31.52,65560,4.9,14.06,17.9,26.18,44.56,51.52
,,,,,,,,,,,,,,
36,New York,47-3012,Helpers--Carpenters,1160,25.5,0.29,15.21,31640,4.4,10.7,11.49,14.18,17.75,22.29
,,,,,,,,,,,,,,
36,New York,47-3013,Helpers--Electricians,3810,16.8,0.95,17.67,36760,3.7,11.33,13.91,17.09,20.9,24.79
,,,,,,,,,,,,,,
36,New York,47-3016,Helpers--Roofers,190,43.8,0.05,14.62,30410,5.4,11.88,12.74,13.9,15.28,19.12
,,,,,,,,,,,,,,
36,New York,47-3019,"Helpers, Construction Trades, All Other",1610,30.1,0.4,17.01,35380,4.2,11.36,12.79,15.95,18.6,24.49
,,,,,,,,,,,,,,
36,New York,47-4031,Fence Erectors,510,33.5,0.13,16.33,33960,6.2,10.99,11.87,14.84,20.03,23.69
,,,,,,,,,,,,,,
37,North Carolina,47-2021,Brickmasons and Blockmasons,2590,5.5,1.19,18.96,39440,2.3,13.17,16.15,18.98,22.2,24.29
,,,,,,,,,,,,,,
37,North Carolina,47-2031,Carpenters,15260,4.4,7.03,17.86,37140,1.2,12.45,14.71,17.51,20.9,24.3
,,,,,,,,,,,,,,
37,North Carolina,47-2041,Carpet Installers,120,26.4,0.06,15.49,32210,5.2,10.23,12.49,16,18.05,19.51
,,,,,,,,,,,,,,
37,North Carolina,47-2042,"Floor Layers, Except Carpet, Wood, and Hard Tiles",410,33.1,0.19,19.03,39590,3.8,13.92,15.88,17.92,22.12,27.42
,,,,,,,,,,,,,,
37,North Carolina,47-2081,Drywall and Ceiling Tile Installers,2050,9.8,0.94,17.83,37100,1.7,13.42,15.63,17.5,19.6,23.51
,,,,,,,,,,,,,,
37,North Carolina,47-2111,Electricians,13190,4.6,6.08,20.39,42400,1.2,14.8,16.88,20,23.53,27.44
,,,,,,,,,,,,,,
37,North Carolina,47-2131,"Insulation Workers, Floor, Ceiling, and Wall",880,17.6,0.41,15.45,32130,3.1,10.05,12.16,15.5,18.12,21.25
,,,,,,,,,,,,,,
37,North Carolina,47-2141,"Painters, Construction and Maintenance",3180,13.4,1.47,15.57,32380,1.7,11.46,13.28,15.42,17.78,19.39
,,,,,,,,,,,,,,
37,North Carolina,47-2161,Plasterers and Stucco Masons,**,**,**,18.83,39170,11.8,12.25,16.23,18.16,21.35,27.18
,,,,,,,,,,,,,,
37,North Carolina,47-2171,Reinforcing Iron and Rebar Workers,230,29.4,0.1,18.85,39200,2.8,13.99,16.35,18.87,22.09,24.31
,,,,,,,,,,,,,,
37,North Carolina,47-2181,Roofers,2960,14.4,1.37,17.14,35650,2.1,12.41,14.23,16.97,19.61,23.08
,,,,,,,,,,,,,,
37,North Carolina,47-3012,Helpers--Carpenters,1310,14.2,0.6,13.46,27990,2.6,9.16,11.09,13.53,15.62,18.21
,,,,,,,,,,,,,,
37,North Carolina,47-3013,Helpers--Electricians,5240,7,2.41,14.3,29740,1.5,10.14,11.96,14.13,16.72,18.75
,,,,,,,,,,,,,,
37,North Carolina,47-3016,Helpers--Roofers,**,**,**,13.16,27380,2.8,10.58,12.15,13.33,14.53,15.37
,,,,,,,,,,,,,,
37,North Carolina,47-3019,"Helpers, Construction Trades, All Other",690,17.2,0.32,13.7,28490,2.2,10,11.48,13.46,15.68,18.17
,,,,,,,,,,,,,,
37,North Carolina,47-4031,Fence Erectors,460,29.7,0.21,17.01,35370,5.7,11.3,13.59,17.2,20.69,23
,,,,,,,,,,,,,,
38,North Dakota,47-2021,Brickmasons and Blockmasons,180,22.5,0.66,26.58,55290,4.6,18.72,21.84,26.18,31.68,36.6
,,,,,,,,,,,,,,
38,North Dakota,47-2031,Carpenters,1720,10.2,6.5,20.94,43560,2.8,14.8,16.8,19.74,24.3,29.45
,,,,,,,,,,,,,,
38,North Dakota,47-2081,Drywall and Ceiling Tile Installers,240,45.6,0.89,23.73,49360,5.8,16.49,19.02,23.2,28.19,32.74
,,,,,,,,,,,,,,
38,North Dakota,47-2111,Electricians,2590,4.9,9.8,29.07,60460,2.6,17.05,22.49,28.23,34.93,44.22
,,,,,,,,,,,,,,
38,North Dakota,47-2131,"Insulation Workers, Floor, Ceiling, and Wall",250,23.7,0.95,20.98,43630,2.3,16.02,17.53,20.26,23.92,28.3
,,,,,,,,,,,,,,
38,North Dakota,47-2141,"Painters, Construction and Maintenance",510,10.9,1.94,20.94,43550,3.5,15.18,17.05,20.26,24.17,29.24
,,,,,,,,,,,,,,
38,North Dakota,47-2181,Roofers,200,22.5,0.77,21,43680,3.7,15.43,17.08,19.95,24.67,28.54
,,,,,,,,,,,,,,
39,Ohio,47-2021,Brickmasons and Blockmasons,2960,9.2,1.32,27.22,56620,2.5,17.85,21.99,26.96,31.82,37.93
,,,,,,,,,,,,,,
39,Ohio,47-2031,Carpenters,16540,4.7,7.4,23.08,48000,1.4,14.52,17.69,22.34,28.14,33.73
,,,,,,,,,,,,,,
39,Ohio,47-2041,Carpet Installers,300,29.7,0.14,17.01,35380,10.4,8.91,12.28,15.81,20.96,27.79
,,,,,,,,,,,,,,
39,Ohio,47-2042,"Floor Layers, Except Carpet, Wood, and Hard Tiles",670,46,0.3,21.55,44830,3.9,14.89,16.91,20.37,26.27,30.04
,,,,,,,,,,,,,,
39,Ohio,47-2081,Drywall and Ceiling Tile Installers,1310,19.5,0.58,19.62,40810,4.8,12.11,15.21,20.06,24.31,27.97
,,,,,,,,,,,,,,
39,Ohio,47-2111,Electricians,19160,3.8,8.57,24.63,51230,1.8,13.7,17.6,23.82,30.86,37.4
,,,,,,,,,,,,,,
39,Ohio,47-2131,"Insulation Workers, Floor, Ceiling, and Wall",900,16.2,0.4,21.68,45090,6.4,12.38,15.19,18.64,27.65,36.96
,,,,,,,,,,,,,,
39,Ohio,47-2141,"Painters, Construction and Maintenance",5110,6.6,2.29,20.12,41850,2.5,12.87,15.35,18.98,24.27,29.54
,,,,,,,,,,,,,,
39,Ohio,47-2161,Plasterers and Stucco Masons,150,36.5,0.07,23.35,48560,5.7,16.94,19.68,22.4,25.27,33.41
,,,,,,,,,,,,,,
39,Ohio,47-2171,Reinforcing Iron and Rebar Workers,290,30.5,0.13,30.19,62790,3.8,18.71,23.32,29.9,36.99,42.78
,,,,,,,,,,,,,,
39,Ohio,47-2181,Roofers,4550,9.5,2.04,19.81,41200,2.5,13.34,15.8,18.64,24.02,28.65
,,,,,,,,,,,,,,
39,Ohio,47-3012,Helpers--Carpenters,210,38.2,0.09,14.97,31140,4.4,12.28,13.13,14.53,16.92,18.73
,,,,,,,,,,,,,,
39,Ohio,47-3013,Helpers--Electricians,720,23,0.32,13.59,28260,2.6,10.18,12.48,13.71,14.91,16.48
,,,,,,,,,,,,,,
39,Ohio,47-3016,Helpers--Roofers,130,34.8,0.06,15.11,31440,6.7,9.92,12.77,14.07,16.61,22.17
,,,,,,,,,,,,,,
39,Ohio,47-3019,"Helpers, Construction Trades, All Other",450,20.2,0.2,15.85,32960,3.8,11.6,12.96,14.58,17.74,22.69
,,,,,,,,,,,,,,
39,Ohio,47-4031,Fence Erectors,420,32.5,0.19,23.87,49660,12.6,12.16,14.39,18.83,35.85,41.96
,,,,,,,,,,,,,,
40,Oklahoma,47-2021,Brickmasons and Blockmasons,250,29.7,0.31,22.82,47460,5.5,15.28,20.6,23.2,26.4,28.93
,,,,,,,,,,,,,,
40,Oklahoma,47-2031,Carpenters,3910,9.1,4.96,20.94,43560,2.4,13.55,16.49,19.59,23.82,30.39
,,,,,,,,,,,,,,
40,Oklahoma,47-2041,Carpet Installers,90,43.5,0.12,13.51,28100,13.8,9.04,10.19,11.56,14.59,22.42
,,,,,,,,,,,,,,
40,Oklahoma,47-2042,"Floor Layers, Except Carpet, Wood, and Hard Tiles",120,32.7,0.15,18.97,39470,21.8,10.2,11.16,14.92,27.17,29.61
,,,,,,,,,,,,,,
40,Oklahoma,47-2081,Drywall and Ceiling Tile Installers,740,27.1,0.95,21.2,44100,6.2,15.82,17.18,19.73,23.09,25.2
,,,,,,,,,,,,,,
40,Oklahoma,47-2111,Electricians,4440,7.2,5.63,25.24,52500,5.5,14.04,17.63,23.18,29.47,37.29
,,,,,,,,,,,,,,
40,Oklahoma,47-2131,"Insulation Workers, Floor, Ceiling, and Wall",490,39.6,0.62,17.85,37130,11.4,8.19,10.87,18.34,23.29,27.58
,,,,,,,,,,,,,,
40,Oklahoma,47-2141,"Painters, Construction and Maintenance",1210,17.9,1.54,17.54,36480,3.8,12.84,14.13,16.63,19.92,24.29
,,,,,,,,,,,,,,
40,Oklahoma,47-2161,Plasterers and Stucco Masons,250,47.7,0.31,23.08,48010,12.8,16.42,18.46,21.2,23.9,36.82
,,,,,,,,,,,,,,
40,Oklahoma,47-2171,Reinforcing Iron and Rebar Workers,**,**,**,18.64,38770,3.9,13.49,15.79,18.39,21.37,23.49
,,,,,,,,,,,,,,
40,Oklahoma,47-2181,Roofers,1140,26.3,1.44,16.48,34280,6.5,8.75,12.99,16.21,19.87,23.96
,,,,,,,,,,,,,,
40,Oklahoma,47-3012,Helpers--Carpenters,150,32.6,0.19,13.53,28140,5,9.41,10.51,12.97,15.69,19.38
,,,,,,,,,,,,,,
40,Oklahoma,47-3013,Helpers--Electricians,1680,16.5,2.14,17.52,36430,2.8,12.19,14.22,17.04,20.3,24.44
,,,,,,,,,,,,,,
40,Oklahoma,47-3019,"Helpers, Construction Trades, All Other",260,24.7,0.33,15.85,32970,8.8,8.34,9.9,15.88,21.27,24.35
,,,,,,,,,,,,,,
40,Oklahoma,47-4031,Fence Erectors,220,44.8,0.28,15.82,32900,4.6,11.45,12.96,14.65,19.12,22.55
,,,,,,,,,,,,,,
41,Oregon,47-2021,Brickmasons and Blockmasons,400,18.4,0.39,27.17,56510,4.5,17.83,20.14,25.77,33.6,37.97
,,,,,,,,,,,,,,
41,Oregon,47-2031,Carpenters,13230,4.8,12.97,23.69,49280,1.9,14.88,17.49,22.24,29.07,35.77
,,,,,,,,,,,,,,
41,Oregon,47-2041,Carpet Installers,280,39.1,0.27,18.86,39220,6.3,11.83,13.53,17.6,23.91,28.49
,,,,,,,,,,,,,,
41,Oregon,47-2042,"Floor Layers, Except Carpet, Wood, and Hard Tiles",200,40.1,0.19,18.45,38370,8.7,11.62,13.48,17.12,24.38,28.1
,,,,,,,,,,,,,,
41,Oregon,47-2081,Drywall and Ceiling Tile Installers,1360,15.9,1.34,28.54,59370,6.9,14.81,18.26,27.33,36.54,47.64
,,,,,,,,,,,,,,
41,Oregon,47-2111,Electricians,7230,5.1,7.09,33.35,69370,2.4,18.05,25.82,34.36,42.02,47.61
,,,,,,,,,,,,,,
41,Oregon,47-2131,"Insulation Workers, Floor, Ceiling, and Wall",650,23.1,0.64,19.8,41180,4.8,13.53,15.86,18.81,23.55,28.13
,,,,,,,,,,,,,,
41,Oregon,47-2141,"Painters, Construction and Maintenance",4410,8.5,4.32,17.71,36840,2.7,12.62,14.19,16.84,20.25,24.38
,,,,,,,,,,,,,,
41,Oregon,47-2161,Plasterers and Stucco Masons,**,**,**,26.15,54400,3,19.65,21.75,25.23,29.32,35.5
,,,,,,,,,,,,,,
41,Oregon,47-2171,Reinforcing Iron and Rebar Workers,100,20.9,0.1,41.06,85400,9.5,28.71,32.92,38.42,44.62,48.34
,,,,,,,,,,,,,,
41,Oregon,47-2181,Roofers,3340,9.3,3.27,20.13,41880,4.7,12.11,15.13,18.26,24.45,32
,,,,,,,,,,,,,,
41,Oregon,47-3012,Helpers--Carpenters,220,29.8,0.22,22.03,45810,15,14.44,16.68,19.19,28.43,35.41
,,,,,,,,,,,,,,
41,Oregon,47-3013,Helpers--Electricians,240,19.3,0.23,17.46,36310,4.2,12.1,13.43,15.88,21.62,24.3
,,,,,,,,,,,,,,
41,Oregon,47-3016,Helpers--Roofers,**,**,**,14.33,29800,5,11.05,12.31,13.84,15.37,19.3
,,,,,,,,,,,,,,
41,Oregon,47-3019,"Helpers, Construction Trades, All Other",160,22.8,0.15,15.68,32620,3.4,11.67,13.34,15.67,17.98,19.43
,,,,,,,,,,,,,,
41,Oregon,47-4031,Fence Erectors,390,36.4,0.38,15.81,32880,5.3,12.4,13.4,15.01,18.11,21.44
,,,,,,,,,,,,,,
42,Pennsylvania,47-2021,Brickmasons and Blockmasons,3220,9,1.25,26.26,54620,3.3,15.11,20.14,25.3,31.58,38.8
,,,,,,,,,,,,,,
42,Pennsylvania,47-2031,Carpenters,25800,4.5,10.04,25.91,53890,1.7,15.06,18.38,23.77,31.67,41.02
,,,,,,,,,,,,,,
42,Pennsylvania,47-2041,Carpet Installers,440,26.3,0.17,25.62,53290,11.3,9.12,15.63,26.91,35.47,40.88
,,,,,,,,,,,,,,
42,Pennsylvania,47-2042,"Floor Layers, Except Carpet, Wood, and Hard Tiles",260,32.8,0.1,22.28,46340,7.4,15.77,18.05,21.07,23.8,29.18
,,,,,,,,,,,,,,
42,Pennsylvania,47-2081,Drywall and Ceiling Tile Installers,1670,14.3,0.65,23.06,47970,2.5,15.79,19.05,22.73,27.25,30.88
,,,,,,,,,,,,,,
42,Pennsylvania,47-2111,Electricians,16820,4.5,6.54,32.09,66750,2.3,17.1,21.59,29.25,40.94,53.31
,,,,,,,,,,,,,,
42,Pennsylvania,47-2131,"Insulation Workers, Floor, Ceiling, and Wall",620,21.9,0.24,21.65,45040,7,13.04,15.7,19.26,25.53,34.62
,,,,,,,,,,,,,,
42,Pennsylvania,47-2141,"Painters, Construction and Maintenance",4850,4.6,1.89,22.21,46190,5,12.66,16.14,19.53,26.25,39.47
,,,,,,,,,,,,,,
42,Pennsylvania,47-2161,Plasterers and Stucco Masons,350,36.5,0.14,22.08,45930,5,12.92,14.42,22.01,27.04,33.63
,,,,,,,,,,,,,,
42,Pennsylvania,47-2171,Reinforcing Iron and Rebar Workers,230,40.4,0.09,32.88,68390,4.7,19.89,25.61,30.97,40.66,48.3
,,,,,,,,,,,,,,
42,Pennsylvania,47-2181,Roofers,3650,8.2,1.42,23.9,49700,5.2,13.65,17.17,21.56,28.61,36.21
,,,,,,,,,,,,,,
42,Pennsylvania,47-3012,Helpers--Carpenters,880,16.9,0.34,16.54,34390,2.9,10.94,13.13,15.81,19.57,23.6
,,,,,,,,,,,,,,
42,Pennsylvania,47-3013,Helpers--Electricians,1920,20.9,0.75,14.98,31150,2.1,10.1,11.82,14.64,17.58,20.25
,,,,,,,,,,,,,,
42,Pennsylvania,47-3016,Helpers--Roofers,390,36.1,0.15,15.18,31570,2.2,11.28,13.1,15.07,17.58,19.18
,,,,,,,,,,,,,,
42,Pennsylvania,47-3019,"Helpers, Construction Trades, All Other",180,20.8,0.07,17.51,36410,6.6,11.02,12.91,16.45,22.15,25.22
,,,,,,,,,,,,,,
42,Pennsylvania,47-4031,Fence Erectors,960,25.3,0.37,19.74,41060,7,13.1,15.87,18.22,22.83,30.45
,,,,,,,,,,,,,,
44,Rhode Island,47-2021,Brickmasons and Blockmasons,**,**,**,31.74,66020,7.9,21.67,28.19,33.37,36.98,39.14
,,,,,,,,,,,,,,
44,Rhode Island,47-2031,Carpenters,2470,7.8,12.67,24.47,50890,4.2,15.43,17.82,22.4,29.45,39.16
,,,,,,,,,,,,,,
44,Rhode Island,47-2081,Drywall and Ceiling Tile Installers,420,19.3,2.14,19.58,40720,13.8,13.35,15.84,19.67,23.2,26.75
,,,,,,,,,,,,,,
44,Rhode Island,47-2111,Electricians,1420,15.3,7.32,26.89,55940,4.1,15.43,19.47,27.79,32.82,37.82
,,,,,,,,,,,,,,
44,Rhode Island,47-2131,"Insulation Workers, Floor, Ceiling, and Wall",**,**,**,17.41,36200,3.6,13.65,15.5,17.3,19.12,22.39
,,,,,,,,,,,,,,
44,Rhode Island,47-2141,"Painters, Construction and Maintenance",600,17.4,3.06,22.21,46200,6.5,16.01,17.21,19.23,27.64,29.95
,,,,,,,,,,,,,,
44,Rhode Island,47-2181,Roofers,330,10,1.7,26.25,54600,10.1,17.45,23.1,26.82,29.76,35.67
,,,,,,,,,,,,,,
44,Rhode Island,47-3012,Helpers--Carpenters,300,37,1.55,15.27,31750,5.9,11.98,12.98,14.52,17.66,19.6
,,,,,,,,,,,,,,
45,South Carolina,47-2021,Brickmasons and Blockmasons,590,15,0.57,18.75,39000,4.5,12.91,14.59,18.65,22.09,24.45
,,,,,,,,,,,,,,
45,South Carolina,47-2031,Carpenters,6880,6,6.73,21.22,44150,5.4,12.07,15.21,18.8,23.78,30.97
,,,,,,,,,,,,,,
45,South Carolina,47-2041,Carpet Installers,170,26.2,0.17,17.64,36680,11.3,9.57,12.59,14.73,25.19,30.38
,,,,,,,,,,,,,,
45,South Carolina,47-2081,Drywall and Ceiling Tile Installers,1290,11.7,1.26,17.75,36930,4.4,12.4,14.78,17.09,19.59,24.31
,,,,,,,,,,,,,,
45,South Carolina,47-2111,Electricians,6230,5.8,6.09,19.94,41480,2.3,12.63,15.83,19.49,23.92,28.51
,,,,,,,,,,,,,,
45,South Carolina,47-2131,"Insulation Workers, Floor, Ceiling, and Wall",210,29,0.2,14.18,29490,8.4,8.16,9.49,11.6,16.5,24.31
,,,,,,,,,,,,,,
45,South Carolina,47-2141,"Painters, Construction and Maintenance",1810,10.9,1.77,17.05,35460,6.6,9.99,12.8,15.44,19.03,25.53
,,,,,,,,,,,,,,
45,South Carolina,47-2171,Reinforcing Iron and Rebar Workers,50,39.3,0.05,20.76,43180,7.3,13.59,16.69,20.16,22.74,24.28
,,,,,,,,,,,,,,
45,South Carolina,47-2181,Roofers,1680,12.9,1.64,17.31,36010,3.1,10.78,13.35,16.48,19.68,24.56
,,,,,,,,,,,,,,
45,South Carolina,47-3012,Helpers--Carpenters,740,17.5,0.72,14.2,29540,2.8,9.99,11.87,14.22,16.76,18.42
,,,,,,,,,,,,,,
45,South Carolina,47-3013,Helpers--Electricians,1850,11.9,1.81,14.25,29640,2.2,10.15,12.27,13.92,16.19,18.87
,,,,,,,,,,,,,,
45,South Carolina,47-3016,Helpers--Roofers,150,37.1,0.14,11.05,22990,9.7,7.78,8.52,10.32,12.12,15.12
,,,,,,,,,,,,,,
45,South Carolina,47-3019,"Helpers, Construction Trades, All Other",230,37.9,0.23,15.69,32640,3,11.96,13.32,15.41,17.93,21.01
,,,,,,,,,,,,,,
45,South Carolina,47-4031,Fence Erectors,40,31,~,16.6,34530,10.7,13.11,13.93,15.2,19.01,22.79
,,,,,,,,,,,,,,
46,South Dakota,47-2021,Brickmasons and Blockmasons,280,10.9,1.22,25,51990,5.8,14.89,17.99,24.42,32.19,36.78
,,,,,,,,,,,,,,
46,South Dakota,47-2031,Carpenters,3850,4.8,16.46,17.52,36450,1.6,12.55,14.15,16.99,20.57,23.88
,,,,,,,,,,,,,,
46,South Dakota,47-2042,"Floor Layers, Except Carpet, Wood, and Hard Tiles",70,37.6,0.31,16.3,33900,7.4,11.12,15.15,16.72,18.19,19.24
,,,,,,,,,,,,,,
46,South Dakota,47-2081,Drywall and Ceiling Tile Installers,450,14.6,1.91,15.97,33230,3.4,11.69,13.52,15.72,18.16,21.06
,,,,,,,,,,,,,,
46,South Dakota,47-2111,Electricians,1810,7.4,7.75,21.08,43850,1.9,15.1,17.33,20.84,24.57,28.55
,,,,,,,,,,,,,,
46,South Dakota,47-2131,"Insulation Workers, Floor, Ceiling, and Wall",160,33.1,0.67,17.21,35790,3.8,13.06,14.5,17.03,19.45,22.86
,,,,,,,,,,,,,,
46,South Dakota,47-2141,"Painters, Construction and Maintenance",460,11.6,1.99,16.42,34160,6.3,10.94,13.2,15.98,19.91,22.95
,,,,,,,,,,,,,,
46,South Dakota,47-2171,Reinforcing Iron and Rebar Workers,30,46.8,0.14,16.31,33930,9.6,11.8,13.41,15.23,18.39,23.13
,,,,,,,,,,,,,,
46,South Dakota,47-2181,Roofers,500,15.6,2.13,14.81,30800,3.5,11.13,12.92,14.61,17.04,18.79
,,,,,,,,,,,,,,
46,South Dakota,47-3012,Helpers--Carpenters,230,28.4,0.98,12.58,26170,4.6,9.36,10.29,12.03,14.5,17.26
,,,,,,,,,,,,,,
46,South Dakota,47-3013,Helpers--Electricians,170,17.8,0.73,13.83,28760,2.7,10.3,11.44,13.46,16.16,18.12
,,,,,,,,,,,,,,
46,South Dakota,47-4031,Fence Erectors,150,40.6,0.63,16.09,33460,9.8,11.61,13.16,15.14,18.44,22.83
,,,,,,,,,,,,,,
47,Tennessee,47-2021,Brickmasons and Blockmasons,1220,14.8,0.99,21.36,44440,2.2,14.12,17.32,21.43,25.27,28.78
,,,,,,,,,,,,,,
47,Tennessee,47-2031,Carpenters,5440,7.2,4.41,18.91,39340,1.4,12.83,15.9,18.6,22.21,25.04
,,,,,,,,,,,,,,
47,Tennessee,47-2041,Carpet Installers,110,25.7,0.09,14.68,30540,7.9,9.94,10.69,11.94,18.41,22.81
,,,,,,,,,,,,,,
47,Tennessee,47-2042,"Floor Layers, Except Carpet, Wood, and Hard Tiles",110,42,0.09,15.22,31650,4.4,10.14,11.93,14.94,18.2,21.74
,,,,,,,,,,,,,,
47,Tennessee,47-2081,Drywall and Ceiling Tile Installers,1130,16.5,0.91,19.32,40180,3.6,13.35,15.16,19.21,22.71,24.95
,,,,,,,,,,,,,,
47,Tennessee,47-2111,Electricians,8870,5.3,7.18,22.94,47720,2.1,14.48,17.49,22.47,27.91,32.84
,,,,,,,,,,,,,,
47,Tennessee,47-2131,"Insulation Workers, Floor, Ceiling, and Wall",430,25.8,0.35,15.24,31700,8,9.15,11.24,14.24,17.65,22.93
,,,,,,,,,,,,,,
47,Tennessee,47-2141,"Painters, Construction and Maintenance",2590,17.2,2.1,16.57,34460,2.8,11.19,13.89,16.37,18.5,22.65
,,,,,,,,,,,,,,
47,Tennessee,47-2161,Plasterers and Stucco Masons,90,49.2,0.08,19.84,41270,8,14.86,16.47,18.7,22.72,26.7
,,,,,,,,,,,,,,
47,Tennessee,47-2171,Reinforcing Iron and Rebar Workers,380,14,0.3,19.88,41360,3.6,14.07,16.35,19.03,22.88,26.67
,,,,,,,,,,,,,,
47,Tennessee,47-2181,Roofers,1770,10.7,1.44,16.87,35100,3.6,11.84,13.5,16.34,18.95,22.95
,,,,,,,,,,,,,,
47,Tennessee,47-3012,Helpers--Carpenters,520,21.1,0.42,14.21,29560,3,10.08,12.14,14.11,16.77,18.63
,,,,,,,,,,,,,,
47,Tennessee,47-3013,Helpers--Electricians,2070,14.1,1.67,14.89,30970,2.5,10.48,12.26,14.2,17.14,20.38
,,,,,,,,,,,,,,
47,Tennessee,47-3016,Helpers--Roofers,200,42.1,0.16,13.83,28770,7,9.96,11.56,13.91,16.27,18.2
,,,,,,,,,,,,,,
47,Tennessee,47-3019,"Helpers, Construction Trades, All Other",920,24.9,0.75,13.2,27450,5.1,8.41,10.19,13.41,16.27,18.07
,,,,,,,,,,,,,,
47,Tennessee,47-4031,Fence Erectors,290,48.7,0.23,15.15,31510,5.4,10.59,12.74,14.44,17.23,19.54
,,,,,,,,,,,,,,
48,Texas,47-2021,Brickmasons and Blockmasons,3900,8.1,0.54,22.28,46350,2,15.26,19.16,22.64,26.22,29.2
,,,,,,,,,,,,,,
48,Texas,47-2031,Carpenters,30600,4.8,4.21,19.54,40640,0.7,14.02,16.27,18.71,22.53,26.75
,,,,,,,,,,,,,,
48,Texas,47-2041,Carpet Installers,430,32,0.06,16,33280,5.1,8.36,10.34,14.99,19.29,24.28
,,,,,,,,,,,,,,
48,Texas,47-2042,"Floor Layers, Except Carpet, Wood, and Hard Tiles",**,**,**,21.28,44250,3.3,12.02,15.55,19.31,25.9,33.35
,,,,,,,,,,,,,,
48,Texas,47-2081,Drywall and Ceiling Tile Installers,8230,7.7,1.13,18.27,37990,2.5,12.03,15.33,17.94,21.16,23.89
,,,,,,,,,,,,,,
48,Texas,47-2111,Electricians,47360,3.6,6.52,23.93,49780,1.2,14.59,17.77,23.2,28.88,35.1
,,,,,,,,,,,,,,
48,Texas,47-2131,"Insulation Workers, Floor, Ceiling, and Wall",5050,10.1,0.69,18.8,39110,2.5,12.34,15.14,18.57,22.7,26.14
,,,,,,,,,,,,,,
48,Texas,47-2141,"Painters, Construction and Maintenance",16690,6.4,2.3,16.84,35020,1.4,12.2,13.94,16.56,18.99,22.98
,,,,,,,,,,,,,,
48,Texas,47-2161,Plasterers and Stucco Masons,1860,20.1,0.26,21.49,44710,3,14.16,16.79,20.81,24.43,29.68
,,,,,,,,,,,,,,
48,Texas,47-2171,Reinforcing Iron and Rebar Workers,3300,15.2,0.45,23.93,49780,2.6,15.93,17.49,20.75,28.28,37.71
,,,,,,,,,,,,,,
48,Texas,47-2181,Roofers,7480,8.8,1.03,16.92,35200,1.6,10.77,13.79,16.96,19.93,23.34
,,,,,,,,,,,,,,
48,Texas,47-3012,Helpers--Carpenters,2810,9.1,0.39,15.37,31980,1.8,9.62,12.94,15.47,17.88,19.98
,,,,,,,,,,,,,,
48,Texas,47-3013,Helpers--Electricians,8670,8.5,1.19,15.56,32370,1.7,10.26,12.4,15.26,18.35,21.98
,,,,,,,,,,,,,,
48,Texas,47-3016,Helpers--Roofers,650,30.5,0.09,12.91,26850,3.9,9.3,10.65,12.45,14.63,17.49
,,,,,,,,,,,,,,
48,Texas,47-3019,"Helpers, Construction Trades, All Other",3070,9.8,0.42,15.38,31980,1.5,11.29,12.92,14.59,17.49,20.79
,,,,,,,,,,,,,,
48,Texas,47-4031,Fence Erectors,2070,23.9,0.28,15.17,31560,2.2,10.79,12.67,14.64,17.99,20.59
,,,,,,,,,,,,,,
49,Utah,47-2021,Brickmasons and Blockmasons,2270,12.8,2.2,19.13,39800,3.3,12.68,14.96,18.23,23.51,27.95
,,,,,,,,,,,,,,
49,Utah,47-2031,Carpenters,7440,7.6,7.23,20.32,42270,1.5,13.59,16.19,20.01,23.75,28.17
,,,,,,,,,,,,,,
49,Utah,47-2041,Carpet Installers,**,**,**,16.56,34450,13.1,8.15,12.96,16.57,19.09,24.56
,,,,,,,,,,,,,,
49,Utah,47-2042,"Floor Layers, Except Carpet, Wood, and Hard Tiles",**,**,**,17.64,36700,8.6,12.2,13.89,17.51,21.89,23.96
,,,,,,,,,,,,,,
49,Utah,47-2081,Drywall and Ceiling Tile Installers,3370,10.7,3.27,19.35,40250,2.8,11.42,14.86,19.88,23.37,26.96
,,,,,,,,,,,,,,
49,Utah,47-2111,Electricians,9250,13.4,8.99,25.49,53030,2.4,15.72,20.91,26.43,30.13,33.74
,,,,,,,,,,,,,,
49,Utah,47-2131,"Insulation Workers, Floor, Ceiling, and Wall",250,27.4,0.24,17.43,36240,4.8,12.77,14.33,17.32,20.54,23.04
,,,,,,,,,,,,,,
49,Utah,47-2141,"Painters, Construction and Maintenance",2760,10,2.68,16.07,33430,2.6,10.94,13.02,15.77,18.78,22.26
,,,,,,,,,,,,,,
49,Utah,47-2161,Plasterers and Stucco Masons,500,24,0.49,17.52,36430,2.7,12.9,15.1,17.26,19.54,23.47
,,,,,,,,,,,,,,
49,Utah,47-2171,Reinforcing Iron and Rebar Workers,340,44.4,0.33,25.77,53610,5.4,15.66,19.45,23.58,30.43,41.63
,,,,,,,,,,,,,,
49,Utah,47-2181,Roofers,2060,14.4,2,17.99,37430,3,12.29,15.66,18.15,21.15,23.47
,,,,,,,,,,,,,,
49,Utah,47-3012,Helpers--Carpenters,320,27,0.31,17.24,35860,8.4,11.98,13.26,15.25,18.34,29.36
,,,,,,,,,,,,,,
49,Utah,47-3013,Helpers--Electricians,1270,48.9,1.24,16.19,33680,16.5,10.01,11.54,14.76,18.94,25.84
,,,,,,,,,,,,,,
49,Utah,47-3016,Helpers--Roofers,**,**,**,15.41,32050,6.9,11.14,13.67,15.79,17.52,18.56
,,,,,,,,,,,,,,
49,Utah,47-3019,"Helpers, Construction Trades, All Other",40,41,~,13.7,28490,3.7,12.33,12.82,13.62,14.42,15.03
,,,,,,,,,,,,,,
49,Utah,47-4031,Fence Erectors,190,46.7,0.18,15.73,32720,8.7,9.59,13.34,16.23,18.45,19.75
,,,,,,,,,,,,,,
50,Vermont,47-2021,Brickmasons and Blockmasons,90,24.3,0.55,25.27,52570,4.9,16.27,18.82,26.23,30.3,35
,,,,,,,,,,,,,,
50,Vermont,47-2031,Carpenters,2260,9.8,14.38,21.87,45500,2.7,14.76,17.06,20.87,26.18,30.72
,,,,,,,,,,,,,,
50,Vermont,47-2081,Drywall and Ceiling Tile Installers,170,29.7,1.07,21.6,44920,2.7,16.41,19,21.71,24.15,27.8
,,,,,,,,,,,,,,
50,Vermont,47-2111,Electricians,850,15.1,5.41,24.54,51040,5.1,15.49,18.24,24.01,28.82,35.71
,,,,,,,,,,,,,,
50,Vermont,47-2131,"Insulation Workers, Floor, Ceiling, and Wall",60,29.9,0.41,20.97,43610,6.6,14.86,16.52,18.87,24.06,32.56
,,,,,,,,,,,,,,
50,Vermont,47-2141,"Painters, Construction and Maintenance",530,12.1,3.39,19.27,40090,2.4,15.17,16.47,18.49,21.94,24.87
,,,,,,,,,,,,,,
50,Vermont,47-2181,Roofers,300,22.1,1.89,16.97,35300,2.4,12.78,14.38,16.6,18.86,22.61
,,,,,,,,,,,,,,
50,Vermont,47-3012,Helpers--Carpenters,180,24.5,1.16,15.56,32370,4.2,11.31,12.94,15.91,17.99,19.36
,,,,,,,,,,,,,,
50,Vermont,47-3013,Helpers--Electricians,100,34.3,0.61,16.59,34510,6.8,12.32,13.47,15.71,20.01,22.52
,,,,,,,,,,,,,,
50,Vermont,47-3016,Helpers--Roofers,60,42.2,0.4,14.27,29680,3.2,11.31,12.59,14.11,15.86,18.14
,,,,,,,,,,,,,,
50,Vermont,47-4031,Fence Erectors,**,**,**,20.06,41720,11.4,15.76,17.17,19.45,23.16,27.38
,,,,,,,,,,,,,,
51,Virginia,47-2021,Brickmasons and Blockmasons,2840,13.7,1.45,21.79,45320,2.1,15.07,19,22.21,25.09,28.56
,,,,,,,,,,,,,,
51,Virginia,47-2031,Carpenters,14580,4.7,7.43,20.88,43430,1.9,13.38,16.28,20.03,24.15,29.58
,,,,,,,,,,,,,,
51,Virginia,47-2041,Carpet Installers,240,49.6,0.12,18.22,37910,7.3,12.11,13.16,14.85,25.7,29.46
,,,,,,,,,,,,,,
51,Virginia,47-2081,Drywall and Ceiling Tile Installers,1620,25.3,0.83,17.28,35940,2.8,10.22,14.05,17.58,20.8,23.42
,,,,,,,,,,,,,,
51,Virginia,47-2111,Electricians,9640,7.5,4.91,23.39,48660,1.9,15.81,18.92,22.2,26.26,32.43
,,,,,,,,,,,,,,
51,Virginia,47-2131,"Insulation Workers, Floor, Ceiling, and Wall",1080,27.4,0.55,18.01,37470,2.3,11.33,14.66,17.57,21.29,24.24
,,,,,,,,,,,,,,
51,Virginia,47-2141,"Painters, Construction and Maintenance",4670,7.1,2.38,18.34,38140,3.6,11.65,14.63,17.66,21.12,25.29
,,,,,,,,,,,,,,
51,Virginia,47-2171,Reinforcing Iron and Rebar Workers,260,38.2,0.13,24.23,50400,5.5,16.19,18.14,21.67,25.67,41.44
,,,,,,,,,,,,,,
51,Virginia,47-2181,Roofers,2420,11.7,1.23,20.78,43230,3,13.65,16.64,20.16,24.84,29.22
,,,,,,,,,,,,,,
51,Virginia,47-3012,Helpers--Carpenters,1840,13.5,0.94,14.09,29320,2.7,9.85,11.1,13.82,16.72,18.85
,,,,,,,,,,,,,,
51,Virginia,47-3013,Helpers--Electricians,3090,9,1.58,14.69,30560,2.3,10.31,12.13,14.67,17.25,18.89
,,,,,,,,,,,,,,
51,Virginia,47-3016,Helpers--Roofers,500,24.5,0.26,14.27,29690,3,10.31,12.3,13.95,15.73,19.08
,,,,,,,,,,,,,,
51,Virginia,47-3019,"Helpers, Construction Trades, All Other",1060,17.1,0.54,15.23,31680,4.3,10.67,12.52,14.59,17.5,20.28
,,,,,,,,,,,,,,
51,Virginia,47-4031,Fence Erectors,880,39.8,0.45,17.61,36620,6.3,10.66,12.73,15.46,19.41,24.7
,,,,,,,,,,,,,,
53,Washington,47-2021,Brickmasons and Blockmasons,1020,7,0.52,33.28,69230,4.4,22.08,26.82,31.59,41.35,46.86
,,,,,,,,,,,,,,
53,Washington,47-2031,Carpenters,23690,4.9,12.1,29.43,61210,1.6,17.24,21.67,27.6,36.45,45.91
,,,,,,,,,,,,,,
53,Washington,47-2041,Carpet Installers,950,27.1,0.48,21.15,44000,3.2,15.09,17.39,20.95,23.91,28.61
,,,,,,,,,,,,,,
53,Washington,47-2042,"Floor Layers, Except Carpet, Wood, and Hard Tiles",280,41,0.14,25.61,53270,12.6,18.62,21.01,23.39,32.68,37.37
,,,,,,,,,,,,,,
53,Washington,47-2081,Drywall and Ceiling Tile Installers,4750,10,2.42,28.92,60160,3.7,16.96,21.7,28.13,35.66,44.13
,,,,,,,,,,,,,,
53,Washington,47-2111,Electricians,15100,3.4,7.71,32.57,67750,2.6,16.69,21.53,30.85,42.39,50.9
,,,,,,,,,,,,,,
53,Washington,47-2131,"Insulation Workers, Floor, Ceiling, and Wall",1040,29.9,0.53,25.71,53470,12.6,13.65,16.54,22.56,33.66,44.73
,,,,,,,,,,,,,,
53,Washington,47-2141,"Painters, Construction and Maintenance",9150,5.5,4.67,20.09,41790,1.7,14.9,16.62,19.11,23.18,27.65
,,,,,,,,,,,,,,
53,Washington,47-2161,Plasterers and Stucco Masons,230,25.9,0.11,24.83,51660,4.5,16.27,18.05,23.64,31.31,36.77
,,,,,,,,,,,,,,
53,Washington,47-2171,Reinforcing Iron and Rebar Workers,400,36.2,0.21,35.27,73370,7.7,19.92,27.46,35.97,45,48.78
,,,,,,,,,,,,,,
53,Washington,47-2181,Roofers,4520,6,2.31,25.69,53440,2.5,16.6,19.64,26.04,29.83,35.01
,,,,,,,,,,,,,,
53,Washington,47-3012,Helpers--Carpenters,270,28.2,0.14,17.95,37340,5.3,11.64,12.13,15.44,19.38,30.74
,,,,,,,,,,,,,,
53,Washington,47-3013,Helpers--Electricians,140,43.9,0.07,24.13,50190,9.2,15.34,16.72,19.27,28.2,45.27
,,,,,,,,,,,,,,
53,Washington,47-3016,Helpers--Roofers,250,40.1,0.13,16.15,33600,4.2,12.22,13.4,15.17,17.7,22.42
,,,,,,,,,,,,,,
53,Washington,47-3019,"Helpers, Construction Trades, All Other",**,**,**,24.15,50230,16,13.25,15.92,27.47,29.99,31.5
,,,,,,,,,,,,,,
53,Washington,47-4031,Fence Erectors,840,21,0.43,19.79,41170,6.8,13.17,14.86,17.82,22.66,32.8
,,,,,,,,,,,,,,
54,West Virginia,47-2021,Brickmasons and Blockmasons,150,19.3,0.42,20.59,42830,5.4,12.18,15.25,18.89,24.47,31.02
,,,,,,,,,,,,,,
54,West Virginia,47-2031,Carpenters,2310,7.4,6.35,21.08,43850,2.4,12.92,15.71,19.35,26.43,30.54
,,,,,,,,,,,,,,
54,West Virginia,47-2081,Drywall and Ceiling Tile Installers,110,29.5,0.3,17.64,36700,12.6,10.6,12.02,14.89,24.46,28.51
,,,,,,,,,,,,,,
54,West Virginia,47-2111,Electricians,1860,13.2,5.11,24.18,50290,3.3,14.1,16.93,22.64,30.78,37.5
,,,,,,,,,,,,,,
54,West Virginia,47-2131,"Insulation Workers, Floor, Ceiling, and Wall",80,14.9,0.22,26.65,55430,7.2,12.1,16.87,32.07,35.75,37.95
,,,,,,,,,,,,,,
54,West Virginia,47-2141,"Painters, Construction and Maintenance",670,21.8,1.84,21.61,44940,9.7,11.22,14.43,20.47,28.06,31.13
,,,,,,,,,,,,,,
54,West Virginia,47-2171,Reinforcing Iron and Rebar Workers,50,26.5,0.13,18.7,38900,9.5,12.92,14,16.77,21.54,31.48
,,,,,,,,,,,,,,
54,West Virginia,47-2181,Roofers,510,29.1,1.39,18.27,38000,7,11.82,14.88,17.24,19.87,28.16
,,,,,,,,,,,,,,
54,West Virginia,47-3012,Helpers--Carpenters,220,38.5,0.61,13.48,28030,5.6,9.44,10.85,12.67,15.06,18.96
,,,,,,,,,,,,,,
54,West Virginia,47-3013,Helpers--Electricians,220,28,0.6,17.89,37210,7,11.05,13.24,16.55,20.93,28.76
,,,,,,,,,,,,,,
54,West Virginia,47-3016,Helpers--Roofers,70,32.2,0.18,13.96,29040,6.2,9.5,11.64,13.9,15.78,18.24
,,,,,,,,,,,,,,
54,West Virginia,47-3019,"Helpers, Construction Trades, All Other",40,26.9,0.1,15.17,31550,5.1,10.71,12.22,15.41,17.77,19.49
,,,,,,,,,,,,,,
54,West Virginia,47-4031,Fence Erectors,**,**,**,15.45,32140,18.4,9.03,9.25,16.71,19.71,22.64
,,,,,,,,,,,,,,
55,Wisconsin,47-2021,Brickmasons and Blockmasons,1260,13,1.02,26.8,55750,2.4,16.44,21.38,27.26,32.35,37.26
,,,,,,,,,,,,,,
55,Wisconsin,47-2031,Carpenters,13090,4.1,10.64,24.58,51140,1.6,14.52,18.18,23.13,30.55,37.23
,,,,,,,,,,,,,,
55,Wisconsin,47-2041,Carpet Installers,370,25.3,0.3,19.26,40060,5.9,12.47,15.11,17.92,22.66,29.56
,,,,,,,,,,,,,,
55,Wisconsin,47-2042,"Floor Layers, Except Carpet, Wood, and Hard Tiles",500,26.9,0.41,30.84,64140,6.2,16.65,21.74,33.26,38.2,43.38
,,,,,,,,,,,,,,
55,Wisconsin,47-2081,Drywall and Ceiling Tile Installers,1190,25.7,0.97,20.78,43220,6.6,13.06,15.12,18.75,24.57,33.37
,,,,,,,,,,,,,,
55,Wisconsin,47-2111,Electricians,8940,4.9,7.27,28.47,59220,1.8,16.72,21.5,29.48,35.45,38.77
,,,,,,,,,,,,,,
55,Wisconsin,47-2131,"Insulation Workers, Floor, Ceiling, and Wall",770,28.4,0.63,21.38,44480,3.5,14.44,17.16,21.13,24.75,29.83
,,,,,,,,,,,,,,
55,Wisconsin,47-2141,"Painters, Construction and Maintenance",3110,8.2,2.53,20.55,42730,3.9,13.2,15.95,19.4,24.25,30.79
,,,,,,,,,,,,,,
55,Wisconsin,47-2161,Plasterers and Stucco Masons,450,38.3,0.37,18.79,39090,3.6,15.23,16.32,17.97,20.82,24.49
,,,,,,,,,,,,,,
55,Wisconsin,47-2171,Reinforcing Iron and Rebar Workers,**,**,**,28.05,58340,10.7,8.83,23.57,32.07,35.69,37.86
,,,,,,,,,,,,,,
55,Wisconsin,47-2181,Roofers,2330,6.7,1.89,20.75,43150,2.8,13.92,16.53,19.99,24.71,29.14
,,,,,,,,,,,,,,
55,Wisconsin,47-3012,Helpers--Carpenters,280,20.6,0.23,15.74,32730,4.6,10.69,12.6,15.33,18.05,21.84
,,,,,,,,,,,,,,
55,Wisconsin,47-3013,Helpers--Electricians,1390,12.2,1.13,17.21,35800,4,11.79,13.66,16.61,20.03,24.33
,,,,,,,,,,,,,,
55,Wisconsin,47-3016,Helpers--Roofers,90,42.3,0.07,15.48,32190,3.3,10.63,12.59,15.52,17.86,19.62
,,,,,,,,,,,,,,
55,Wisconsin,47-4031,Fence Erectors,180,28.4,0.14,19.54,40640,7.4,12.75,15.44,18.86,24.28,28.55
,,,,,,,,,,,,,,
56,Wyoming,47-2021,Brickmasons and Blockmasons,140,29.9,0.7,25.93,53930,5.9,16.7,21.08,26.85,29.96,34.32
,,,,,,,,,,,,,,
56,Wyoming,47-2031,Carpenters,2380,6.5,11.96,23.53,48940,1.8,16.37,18.64,22.74,27.72,31.69
,,,,,,,,,,,,,,
56,Wyoming,47-2081,Drywall and Ceiling Tile Installers,190,17.9,0.94,21.27,44240,4.8,12.99,17.11,21.33,25.76,29.56
,,,,,,,,,,,,,,
56,Wyoming,47-2111,Electricians,1630,6.7,8.15,25.96,54000,1.8,16.29,20.59,26.56,30.52,35.91
,,,,,,,,,,,,,,
56,Wyoming,47-2131,"Insulation Workers, Floor, Ceiling, and Wall",60,47.6,0.31,19.14,39820,6.1,13.42,15.15,17.78,22.43,27.71
,,,,,,,,,,,,,,
56,Wyoming,47-2141,"Painters, Construction and Maintenance",470,10.4,2.38,19.28,40090,4.9,13.12,14.96,18.28,22.96,27.17
,,,,,,,,,,,,,,
56,Wyoming,47-2181,Roofers,360,11.5,1.82,18.56,38610,6.8,11.47,14.33,17.15,20.71,30.39
,,,,,,,,,,,,,,
56,Wyoming,47-3012,Helpers--Carpenters,90,38.9,0.43,18.35,38170,4.6,15.54,16.41,17.84,19.32,23.93
,,,,,,,,,,,,,,
56,Wyoming,47-3019,"Helpers, Construction Trades, All Other",30,30.7,0.17,14.63,30440,9.6,8.07,8.97,13.46,17.74,23.85
,,,,,,,,,,,,,,
56,Wyoming,47-4031,Fence Erectors,260,30.8,1.31,18.65,38790,3.2,13.91,16.05,18.57,21.55,23.63
,,,,,,,,,,,,,,
66,Guam,47-2031,Carpenters,720,13.1,14.85,15.27,31760,1.7,12.81,13.62,14.99,16.95,18.54
,,,,,,,,,,,,,,
66,Guam,47-2111,Electricians,200,20.8,4.05,17.21,35800,2.6,14.23,15.92,17.3,18.67,19.91
,,,,,,,,,,,,,,
66,Guam,47-2141,"Painters, Construction and Maintenance",160,40,3.26,12.71,26430,5.7,9.98,10.84,12.54,14.29,15.69
,,,,,,,,,,,,,,
66,Guam,47-2171,Reinforcing Iron and Rebar Workers,110,25.4,2.3,15.61,32470,2.1,12.94,13.85,15.27,17.23,18.65
,,,,,,,,,,,,,,
66,Guam,47-3013,Helpers--Electricians,110,39,2.35,14.54,30240,7.9,10.29,13.2,15.04,16.69,18.09
,,,,,,,,,,,,,,
66,Guam,47-3019,"Helpers, Construction Trades, All Other",60,48.1,1.18,11.3,23510,4.3,9.1,9.7,11.12,12.78,14.16
,,,,,,,,,,,,,,
72,Puerto Rico,47-2021,Brickmasons and Blockmasons,**,**,**,11.01,22890,20.3,8.06,8.48,9.17,9.88,14.15
,,,,,,,,,,,,,,
72,Puerto Rico,47-2031,Carpenters,1400,5.8,5.58,9.23,19190,1.1,7.88,8.33,9.09,9.99,11.32
,,,,,,,,,,,,,,
72,Puerto Rico,47-2081,Drywall and Ceiling Tile Installers,170,6.6,0.66,9.18,19100,4.9,7.64,8.04,8.69,9.35,11.42
,,,,,,,,,,,,,,
72,Puerto Rico,47-2111,Electricians,750,22.9,2.97,11.66,24250,5.5,8,8.72,10.22,12.32,15.3
,,,,,,,,,,,,,,
72,Puerto Rico,47-2131,"Insulation Workers, Floor, Ceiling, and Wall",250,19.4,1,8.52,17720,3.1,7.61,7.94,8.49,9.03,9.44
,,,,,,,,,,,,,,
72,Puerto Rico,47-2141,"Painters, Construction and Maintenance",360,15.8,1.45,9.43,19610,4.2,7.81,8.24,8.95,9.97,12.92
,,,,,,,,,,,,,,
72,Puerto Rico,47-2171,Reinforcing Iron and Rebar Workers,60,12.2,0.26,8.7,18090,2.7,7.83,8.16,8.71,9.26,9.62
,,,,,,,,,,,,,,
72,Puerto Rico,47-2181,Roofers,330,30.6,1.33,9.1,18940,4.3,7.93,8.33,8.99,9.7,11.26
,,,,,,,,,,,,,,
72,Puerto Rico,47-3012,Helpers--Carpenters,500,14.2,2.02,8.53,17740,1.7,7.71,8.04,8.59,9.13,9.55
,,,,,,,,,,,,,,
72,Puerto Rico,47-3013,Helpers--Electricians,800,20.8,3.2,9.1,18930,2.9,7.86,8.25,8.91,9.6,11.11
,,,,,,,,,,,,,,
72,Puerto Rico,47-3019,"Helpers, Construction Trades, All Other",200,20.8,0.81,8.38,17430,3.2,7.5,7.83,8.35,8.87,9.19
,,,,,,,,,,,,,,
78,Virgin Islands,47-2031,Carpenters,290,32.1,12.27,24.78,51540,3.2,16.74,21.11,25.88,29.11,31.04
,,,,,,,,,,,,,,
78,Virgin Islands,47-2111,Electricians,150,7.8,6.28,27.72,57660,6.2,17.07,20.08,24.73,34.9,44.41
,,,,,,,,,,,,,,
78,Virgin Islands,47-2141,"Painters, Construction and Maintenance",40,36.8,1.73,18.34,38140,5,13.8,15.98,18.28,21.33,23.55
,,,,,,,,,,,,,,
78,Virgin Islands,47-3013,Helpers--Electricians,80,24.6,3.32,14.77,30710,5.4,11.97,12.93,14.49,16.98,18.42
